USE Restaurant;
GO

INSERT INTO Locations (BranchName, Address, City, County, KitchenStoves, RecordDateTime) VALUES
('Dublin Central', '123 Main St', 'Dublin', 'Dublin', 4, '2024-01-01 08:00:01'),
('Cork Harbour', '45 Marina Walk', 'Cork', 'Cork', 3, '2024-01-01 08:00:02'),
('Galway Bay', '88 Eyre Sq', 'Galway', 'Galway', 2, '2024-01-01 08:00:03'),
('Limerick River', '12 River Rd', 'Limerick', 'Limerick', 3, '2024-01-01 08:00:04'),
('Waterford Hist', '9 Viking Tri', 'Waterford', 'Waterford', 2, '2024-01-01 08:00:05');

INSERT INTO Roles (RoleName, RecordDateTime) VALUES
('Head Chef', '2024-01-01 08:00:06'), ('Sous Chef', '2024-01-01 08:00:07'),
('Server', '2024-01-01 08:00:08'), ('Host', '2024-01-01 08:00:09'),
('Owner', '2024-01-01 08:00:10'), ('Dishwasher', '2024-01-01 08:00:11');

INSERT INTO OrderTypes (TypeName, RecordDateTime) VALUES
('In-Person', '2024-01-01 08:00:12'), ('Online Takeout', '2024-01-01 08:00:13'), ('Phone Takeout', '2024-01-01 08:00:14');

INSERT INTO PaymentMethods (MethodName, RecordDateTime) VALUES
('Cash', '2024-01-01 08:00:15'), ('Credit Card', '2024-01-01 08:00:16'), 
('Debit Card', '2024-01-01 08:00:17'), ('Gift Card', '2024-01-01 08:00:18');

INSERT INTO Suppliers (SupplierName, ContactEmail, RecordDateTime) VALUES
('Fresh Veg Co', 'contact@fresh.ie', '2024-01-01 08:00:19'), ('Irish Meats', 'sales@meats.ie', '2024-01-01 08:00:20'),
('Dairy Best', 'info@dairy.ie', '2024-01-01 08:00:21'), ('Ocean Catch', 'fish@ocean.ie', '2024-01-01 08:00:22'),
('Spices Ltd', 'spices@ltd.ie', '2024-01-01 08:00:23'), ('Bakery Supply', 'bread@bake.ie', '2024-01-01 08:00:24'),
('Dry Goods Inc', 'dry@goods.ie', '2024-01-01 08:00:25'), ('Beverage Bros', 'drinks@bros.ie', '2024-01-01 08:00:26'),
('Cleaning Supplies', 'clean@sup.ie', '2024-01-01 08:00:27'), ('Packaging Co', 'boxes@pack.ie', '2024-01-01 08:00:28');

INSERT INTO Charities (CharityName, ContactPhone, RecordDateTime) VALUES
('Food Bank Dublin', '555-0001', '2024-01-01 08:00:29'), ('Cork Homeless Shelter', '555-0002', '2024-01-01 08:00:30'),
('Galway Youth Center', '555-0003', '2024-01-01 08:00:31'), ('Limerick Care', '555-0004', '2024-01-01 08:00:32'),
('Waterford Relief', '555-0005', '2024-01-01 08:00:33');


INSERT INTO Ingredients (IngredientName, RecordDateTime) VALUES
('Salt', '2024-01-01 08:01:01'), ('Pepper', '2024-01-01 08:01:02'), ('Garlic', '2024-01-01 08:01:03'), ('Onion', '2024-01-01 08:01:04'), ('Olive Oil', '2024-01-01 08:01:05'),
('Butter', '2024-01-01 08:01:06'), ('Flour', '2024-01-01 08:01:07'), ('Sugar', '2024-01-01 08:01:08'), ('Eggs', '2024-01-01 08:01:09'), ('Milk', '2024-01-01 08:01:10'),
('Chicken Breast', '2024-01-01 08:01:11'), ('Beef Steak', '2024-01-01 08:01:12'), ('Pork Chops', '2024-01-01 08:01:13'), ('Salmon', '2024-01-01 08:01:14'), ('Cod', '2024-01-01 08:01:15'),
('Potatoes', '2024-01-01 08:01:16'), ('Carrots', '2024-01-01 08:01:17'), ('Broccoli', '2024-01-01 08:01:18'), ('Spinach', '2024-01-01 08:01:19'), ('Tomatoes', '2024-01-01 08:01:20'),
('Pasta', '2024-01-01 08:01:21'), ('Rice', '2024-01-01 08:01:22'), ('Bread', '2024-01-01 08:01:23'), ('Cheese', '2024-01-01 08:01:24'), ('Bacon', '2024-01-01 08:01:25'),
('Mushrooms', '2024-01-01 08:01:26'), ('Bell Peppers', '2024-01-01 08:01:27'), ('Lemon', '2024-01-01 08:01:28'), ('Lime', '2024-01-01 08:01:29'), ('Cilantro', '2024-01-01 08:01:30'),
('Parsley', '2024-01-01 08:01:31'), ('Thyme', '2024-01-01 08:01:32'), ('Rosemary', '2024-01-01 08:01:33'), ('Basil', '2024-01-01 08:01:34'), ('Oregano', '2024-01-01 08:01:35'),
('Paprika', '2024-01-01 08:01:36'), ('Cumin', '2024-01-01 08:01:37'), ('Chili Powder', '2024-01-01 08:01:38'), ('Soy Sauce', '2024-01-01 08:01:39'), ('Vinegar', '2024-01-01 08:01:40'),
('Honey', '2024-01-01 08:01:41'), ('Mustard', '2024-01-01 08:01:42'), ('Ketchup', '2024-01-01 08:01:43'), ('Mayonnaise', '2024-01-01 08:01:44'), ('Apples', '2024-01-01 08:01:45'),
('Avocado', '2024-01-01 08:01:46'), ('Strawberries', '2024-01-01 08:01:47'), ('Blueberries', '2024-01-01 08:01:48'), ('Vanilla Extract', '2024-01-01 08:01:49'), ('Chocolate', '2024-01-01 08:01:50');

INSERT INTO Dishes (DishName, RecipeInstructions, RecordDateTime) VALUES
('Dish 1', 'Cook slowly.', '2024-01-01 08:02:01'), ('Dish 2', 'Bake at 350.', '2024-01-01 08:02:02'), ('Dish 3', 'Fry in pan.', '2024-01-01 08:02:03'), ('Dish 4', 'Boil water.', '2024-01-01 08:02:04'), ('Dish 5', 'Grill on high.', '2024-01-01 08:02:05'),
('Dish 6', 'Cook slowly.', '2024-01-01 08:02:06'), ('Dish 7', 'Bake at 350.', '2024-01-01 08:02:07'), ('Dish 8', 'Fry in pan.', '2024-01-01 08:02:08'), ('Dish 9', 'Boil water.', '2024-01-01 08:02:09'), ('Dish 10', 'Grill on high.', '2024-01-01 08:02:10'),
('Dish 11', 'Cook slowly.', '2024-01-01 08:02:11'), ('Dish 12', 'Bake at 350.', '2024-01-01 08:02:12'), ('Dish 13', 'Fry in pan.', '2024-01-01 08:02:13'), ('Dish 14', 'Boil water.', '2024-01-01 08:02:14'), ('Dish 15', 'Grill on high.', '2024-01-01 08:02:15'),
('Dish 16', 'Cook slowly.', '2024-01-01 08:02:16'), ('Dish 17', 'Bake at 350.', '2024-01-01 08:02:17'), ('Dish 18', 'Fry in pan.', '2024-01-01 08:02:18'), ('Dish 19', 'Boil water.', '2024-01-01 08:02:19'), ('Dish 20', 'Grill on high.', '2024-01-01 08:02:20'),
('Dish 21', 'Cook slowly.', '2024-01-01 08:02:21'), ('Dish 22', 'Bake at 350.', '2024-01-01 08:02:22'), ('Dish 23', 'Fry in pan.', '2024-01-01 08:02:23'), ('Dish 24', 'Boil water.', '2024-01-01 08:02:24'), ('Dish 25', 'Grill on high.', '2024-01-01 08:02:25'),
('Dish 26', 'Cook slowly.', '2024-01-01 08:02:26'), ('Dish 27', 'Bake at 350.', '2024-01-01 08:02:27'), ('Dish 28', 'Fry in pan.', '2024-01-01 08:02:28'), ('Dish 29', 'Boil water.', '2024-01-01 08:02:29'), ('Dish 30', 'Grill on high.', '2024-01-01 08:02:30'),
('Dish 31', 'Cook slowly.', '2024-01-01 08:02:31'), ('Dish 32', 'Bake at 350.', '2024-01-01 08:02:32'), ('Dish 33', 'Fry in pan.', '2024-01-01 08:02:33'), ('Dish 34', 'Boil water.', '2024-01-01 08:02:34'), ('Dish 35', 'Grill on high.', '2024-01-01 08:02:35'),
('Dish 36', 'Cook slowly.', '2024-01-01 08:02:36'), ('Dish 37', 'Bake at 350.', '2024-01-01 08:02:37'), ('Dish 38', 'Fry in pan.', '2024-01-01 08:02:38'), ('Dish 39', 'Boil water.', '2024-01-01 08:02:39'), ('Dish 40', 'Grill on high.', '2024-01-01 08:02:40'),
('Dish 41', 'Cook slowly.', '2024-01-01 08:02:41'), ('Dish 42', 'Bake at 350.', '2024-01-01 08:02:42'), ('Dish 43', 'Fry in pan.', '2024-01-01 08:02:43'), ('Dish 44', 'Boil water.', '2024-01-01 08:02:44'), ('Dish 45', 'Grill on high.', '2024-01-01 08:02:45'),
('Dish 46', 'Cook slowly.', '2024-01-01 08:02:46'), ('Dish 47', 'Bake at 350.', '2024-01-01 08:02:47'), ('Dish 48', 'Fry in pan.', '2024-01-01 08:02:48'), ('Dish 49', 'Boil water.', '2024-01-01 08:02:49'), ('Dish 50', 'Grill on high.', '2024-01-01 08:02:50');

INSERT INTO Employees (FirstName, LastName, RoleID, Salary, RecordDateTime) VALUES
('John', 'Smith', 1, 45000.00, '2024-01-01 08:03:01'), ('Mary', 'Jones', 2, 40000.00, '2024-01-01 08:03:02'), ('David', 'Williams', 3, 25000.00, '2024-01-01 08:03:03'), ('Sarah', 'Brown', 3, 25000.00, '2024-01-01 08:03:04'), ('Michael', 'Taylor', 3, 25000.00, '2024-01-01 08:03:05'),
('Emma', 'Davies', 3, 25000.00, '2024-01-01 08:03:06'), ('James', 'Evans', 3, 25000.00, '2024-01-01 08:03:07'), ('Lisa', 'Thomas', 4, 22000.00, '2024-01-01 08:03:08'), ('Paul', 'Roberts', 5, 80000.00, '2024-01-01 08:03:09'), ('Anna', 'Johnson', 6, 20000.00, '2024-01-01 08:03:10'),
('Mark', 'Lewis', 1, 45000.00, '2024-01-01 08:03:11'), ('Laura', 'Walker', 2, 40000.00, '2024-01-01 08:03:12'), ('Kevin', 'Robinson', 3, 25000.00, '2024-01-01 08:03:13'), ('Karen', 'Wood', 3, 25000.00, '2024-01-01 08:03:14'), ('Brian', 'Thompson', 3, 25000.00, '2024-01-01 08:03:15'),
('Susan', 'White', 3, 25000.00, '2024-01-01 08:03:16'), ('Steven', 'Watson', 3, 25000.00, '2024-01-01 08:03:17'), ('Helen', 'Jackson', 4, 22000.00, '2024-01-01 08:03:18'), ('Richard', 'Wright', 6, 20000.00, '2024-01-01 08:03:19'), ('Michelle', 'Green', 6, 20000.00, '2024-01-01 08:03:20'),
('Colin', 'Harris', 1, 45000.00, '2024-01-01 08:03:21'), ('Amanda', 'Cooper', 2, 40000.00, '2024-01-01 08:03:22'), ('Gary', 'King', 3, 25000.00, '2024-01-01 08:03:23'), ('Donna', 'Lee', 3, 25000.00, '2024-01-01 08:03:24'), ('Stephen', 'Martin', 3, 25000.00, '2024-01-01 08:03:25'),
('Ruth', 'Clarke', 3, 25000.00, '2024-01-01 08:03:26'), ('Andrew', 'James', 3, 25000.00, '2024-01-01 08:03:27'), ('Sharon', 'Morgan', 4, 22000.00, '2024-01-01 08:03:28'), ('Ian', 'Hughes', 6, 20000.00, '2024-01-01 08:03:29'), ('Tracy', 'Edwards', 6, 20000.00, '2024-01-01 08:03:30'),
('Peter', 'Hill', 1, 45000.00, '2024-01-01 08:03:31'), ('Diane', 'Moore', 2, 40000.00, '2024-01-01 08:03:32'), ('Simon', 'Clark', 3, 25000.00, '2024-01-01 08:03:33'), ('Julie', 'Harrison', 3, 25000.00, '2024-01-01 08:03:34'), ('Matthew', 'Scott', 3, 25000.00, '2024-01-01 08:03:35'),
('Carol', 'Young', 3, 25000.00, '2024-01-01 08:03:36'), ('Anthony', 'Morris', 3, 25000.00, '2024-01-01 08:03:37'), ('Janet', 'Hall', 4, 22000.00, '2024-01-01 08:03:38'), ('Robert', 'Ward', 6, 20000.00, '2024-01-01 08:03:39'), ('Pamela', 'Turner', 6, 20000.00, '2024-01-01 08:03:40'),
('Martin', 'Carter', 1, 45000.00, '2024-01-01 08:03:41'), ('Christine', 'Phillips', 2, 40000.00, '2024-01-01 08:03:42'), ('Jason', 'Mitchell', 3, 25000.00, '2024-01-01 08:03:43'), ('Fiona', 'Patel', 3, 25000.00, '2024-01-01 08:03:44'), ('Christopher', 'Adams', 3, 25000.00, '2024-01-01 08:03:45'),
('Nicola', 'Campbell', 3, 25000.00, '2024-01-01 08:03:46'), ('Daniel', 'Anderson', 3, 25000.00, '2024-01-01 08:03:47'), ('Joanne', 'Allen', 4, 22000.00, '2024-01-01 08:03:48'), ('Alan', 'Cook', 6, 20000.00, '2024-01-01 08:03:49'), ('Angela', 'Bailey', 6, 20000.00, '2024-01-01 08:03:50');

INSERT INTO RestaurantTables (LocationID, TableNumber, SeatingCapacity, RecordDateTime) VALUES
(1, 1, 2, '2024-01-01 08:04:01'), (1, 2, 4, '2024-01-01 08:04:02'), (1, 3, 4, '2024-01-01 08:04:03'), (1, 4, 6, '2024-01-01 08:04:04'), (1, 5, 2, '2024-01-01 08:04:05'), (1, 6, 4, '2024-01-01 08:04:06'), (1, 7, 8, '2024-01-01 08:04:07'), (1, 8, 2, '2024-01-01 08:04:08'), (1, 9, 4, '2024-01-01 08:04:09'), (1, 10, 4, '2024-01-01 08:04:10'),
(2, 11, 2, '2024-01-01 08:04:11'), (2, 12, 4, '2024-01-01 08:04:12'), (2, 13, 4, '2024-01-01 08:04:13'), (2, 14, 6, '2024-01-01 08:04:14'), (2, 15, 2, '2024-01-01 08:04:15'), (2, 16, 4, '2024-01-01 08:04:16'), (2, 17, 8, '2024-01-01 08:04:17'), (2, 18, 2, '2024-01-01 08:04:18'), (2, 19, 4, '2024-01-01 08:04:19'), (2, 20, 4, '2024-01-01 08:04:20'),
(3, 21, 2, '2024-01-01 08:04:21'), (3, 22, 4, '2024-01-01 08:04:22'), (3, 23, 4, '2024-01-01 08:04:23'), (3, 24, 6, '2024-01-01 08:04:24'), (3, 25, 2, '2024-01-01 08:04:25'), (3, 26, 4, '2024-01-01 08:04:26'), (3, 27, 8, '2024-01-01 08:04:27'), (3, 28, 2, '2024-01-01 08:04:28'), (3, 29, 4, '2024-01-01 08:04:29'), (3, 30, 4, '2024-01-01 08:04:30'),
(4, 31, 2, '2024-01-01 08:04:31'), (4, 32, 4, '2024-01-01 08:04:32'), (4, 33, 4, '2024-01-01 08:04:33'), (4, 34, 6, '2024-01-01 08:04:34'), (4, 35, 2, '2024-01-01 08:04:35'), (4, 36, 4, '2024-01-01 08:04:36'), (4, 37, 8, '2024-01-01 08:04:37'), (4, 38, 2, '2024-01-01 08:04:38'), (4, 39, 4, '2024-01-01 08:04:39'), (4, 40, 4, '2024-01-01 08:04:40'),
(5, 41, 2, '2024-01-01 08:04:41'), (5, 42, 4, '2024-01-01 08:04:42'), (5, 43, 4, '2024-01-01 08:04:43'), (5, 44, 6, '2024-01-01 08:04:44'), (5, 45, 2, '2024-01-01 08:04:45'), (5, 46, 4, '2024-01-01 08:04:46'), (5, 47, 8, '2024-01-01 08:04:47'), (5, 48, 2, '2024-01-01 08:04:48'), (5, 49, 4, '2024-01-01 08:04:49'), (5, 50, 4, '2024-01-01 08:04:50');

INSERT INTO DishIngredients (DishID, IngredientID, QuantityUsed, UnitOfMeasure, RecordDateTime) VALUES
(1, 1, 5.0, 'Grams', '2024-01-01 08:05:01'), (2, 2, 10.0, 'Grams', '2024-01-01 08:05:02'), (3, 3, 2.0, 'Pieces', '2024-01-01 08:05:03'), (4, 4, 1.0, 'Pieces', '2024-01-01 08:05:04'), (5, 5, 15.0, 'ml', '2024-01-01 08:05:05'),
(6, 6, 20.0, 'Grams', '2024-01-01 08:05:06'), (7, 7, 50.0, 'Grams', '2024-01-01 08:05:07'), (8, 8, 10.0, 'Grams', '2024-01-01 08:05:08'), (9, 9, 2.0, 'Pieces', '2024-01-01 08:05:09'), (10, 10, 100.0, 'ml', '2024-01-01 08:05:10'),
(11, 11, 1.0, 'Pieces', '2024-01-01 08:05:11'), (12, 12, 1.0, 'Pieces', '2024-01-01 08:05:12'), (13, 13, 2.0, 'Pieces', '2024-01-01 08:05:13'), (14, 14, 1.0, 'Pieces', '2024-01-01 08:05:14'), (15, 15, 1.0, 'Pieces', '2024-01-01 08:05:15'),
(16, 16, 3.0, 'Pieces', '2024-01-01 08:05:16'), (17, 17, 2.0, 'Pieces', '2024-01-01 08:05:17'), (18, 18, 1.0, 'Head', '2024-01-01 08:05:18'), (19, 19, 50.0, 'Grams', '2024-01-01 08:05:19'), (20, 20, 2.0, 'Pieces', '2024-01-01 08:05:20'),
(21, 21, 100.0, 'Grams', '2024-01-01 08:05:21'), (22, 22, 100.0, 'Grams', '2024-01-01 08:05:22'), (23, 23, 2.0, 'Slices', '2024-01-01 08:05:23'), (24, 24, 50.0, 'Grams', '2024-01-01 08:05:24'), (25, 25, 3.0, 'Slices', '2024-01-01 08:05:25'),
(26, 26, 5.0, 'Pieces', '2024-01-01 08:05:26'), (27, 27, 1.0, 'Pieces', '2024-01-01 08:05:27'), (28, 28, 1.0, 'Pieces', '2024-01-01 08:05:28'), (29, 29, 1.0, 'Pieces', '2024-01-01 08:05:29'), (30, 30, 10.0, 'Grams', '2024-01-01 08:05:30'),
(31, 31, 5.0, 'Grams', '2024-01-01 08:05:31'), (32, 32, 5.0, 'Grams', '2024-01-01 08:05:32'), (33, 33, 5.0, 'Grams', '2024-01-01 08:05:33'), (34, 34, 5.0, 'Grams', '2024-01-01 08:05:34'), (35, 35, 5.0, 'Grams', '2024-01-01 08:05:35'),
(36, 36, 5.0, 'Grams', '2024-01-01 08:05:36'), (37, 37, 5.0, 'Grams', '2024-01-01 08:05:37'), (38, 38, 5.0, 'Grams', '2024-01-01 08:05:38'), (39, 39, 15.0, 'ml', '2024-01-01 08:05:39'), (40, 40, 15.0, 'ml', '2024-01-01 08:05:40'),
(41, 41, 15.0, 'ml', '2024-01-01 08:05:41'), (42, 42, 10.0, 'Grams', '2024-01-01 08:05:42'), (43, 43, 10.0, 'Grams', '2024-01-01 08:05:43'), (44, 44, 10.0, 'Grams', '2024-01-01 08:05:44'), (45, 45, 1.0, 'Pieces', '2024-01-01 08:05:45'),
(46, 46, 1.0, 'Pieces', '2024-01-01 08:05:46'), (47, 47, 5.0, 'Pieces', '2024-01-01 08:05:47'), (48, 48, 20.0, 'Pieces', '2024-01-01 08:05:48'), (49, 49, 5.0, 'ml', '2024-01-01 08:05:49'), (50, 50, 50.0, 'Grams', '2024-01-01 08:05:50');

INSERT INTO EmployeeLocations (EmployeeID, LocationID, RecordDateTime) VALUES
(1, 1, '2024-01-01 08:06:01'), (2, 1, '2024-01-01 08:06:02'), (3, 1, '2024-01-01 08:06:03'), (4, 1, '2024-01-01 08:06:04'), (5, 1, '2024-01-01 08:06:05'),
(6, 1, '2024-01-01 08:06:06'), (7, 1, '2024-01-01 08:06:07'), (8, 1, '2024-01-01 08:06:08'), (9, 1, '2024-01-01 08:06:09'), (10, 1, '2024-01-01 08:06:10'),
(11, 2, '2024-01-01 08:06:11'), (12, 2, '2024-01-01 08:06:12'), (13, 2, '2024-01-01 08:06:13'), (14, 2, '2024-01-01 08:06:14'), (15, 2, '2024-01-01 08:06:15'),
(16, 2, '2024-01-01 08:06:16'), (17, 2, '2024-01-01 08:06:17'), (18, 2, '2024-01-01 08:06:18'), (19, 2, '2024-01-01 08:06:19'), (20, 2, '2024-01-01 08:06:20'),
(21, 3, '2024-01-01 08:06:21'), (22, 3, '2024-01-01 08:06:22'), (23, 3, '2024-01-01 08:06:23'), (24, 3, '2024-01-01 08:06:24'), (25, 3, '2024-01-01 08:06:25'),
(26, 3, '2024-01-01 08:06:26'), (27, 3, '2024-01-01 08:06:27'), (28, 3, '2024-01-01 08:06:28'), (29, 3, '2024-01-01 08:06:29'), (30, 3, '2024-01-01 08:06:30'),
(31, 4, '2024-01-01 08:06:31'), (32, 4, '2024-01-01 08:06:32'), (33, 4, '2024-01-01 08:06:33'), (34, 4, '2024-01-01 08:06:34'), (35, 4, '2024-01-01 08:06:35'),
(36, 4, '2024-01-01 08:06:36'), (37, 4, '2024-01-01 08:06:37'), (38, 4, '2024-01-01 08:06:38'), (39, 4, '2024-01-01 08:06:39'), (40, 4, '2024-01-01 08:06:40'),
(41, 5, '2024-01-01 08:06:41'), (42, 5, '2024-01-01 08:06:42'), (43, 5, '2024-01-01 08:06:43'), (44, 5, '2024-01-01 08:06:44'), (45, 5, '2024-01-01 08:06:45'),
(46, 5, '2024-01-01 08:06:46'), (47, 5, '2024-01-01 08:06:47'), (48, 5, '2024-01-01 08:06:48'), (49, 5, '2024-01-01 08:06:49'), (50, 5, '2024-01-01 08:06:50');

INSERT INTO Customers (FirstName, LastName, AgeRange, FavoriteDishID, FavoriteServerID, RecordDateTime) VALUES
('Pat', 'Black', '18-25', 1, 3, '2024-01-01 08:07:01'), ('Sam', 'White', '26-35', 2, 4, '2024-01-01 08:07:02'), ('Alex', 'Green', '36-45', 3, 5, '2024-01-01 08:07:03'), ('Jamie', 'Brown', '46-55', 4, 6, '2024-01-01 08:07:04'), ('Charlie', 'Grey', '56-65', 5, 7, '2024-01-01 08:07:05'),
('Chris', 'Smith', '18-25', 6, 13, '2024-01-01 08:07:06'), ('Taylor', 'Jones', '26-35', 7, 14, '2024-01-01 08:07:07'), ('Jordan', 'Lee', '36-45', 8, 15, '2024-01-01 08:07:08'), ('Casey', 'Kim', '46-55', 9, 16, '2024-01-01 08:07:09'), ('Morgan', 'Chen', '56-65', 10, 17, '2024-01-01 08:07:10'),
('Avery', 'Wang', '18-25', 11, 23, '2024-01-01 08:07:11'), ('Riley', 'Li', '26-35', 12, 24, '2024-01-01 08:07:12'), ('Cameron', 'Zhang', '36-45', 13, 25, '2024-01-01 08:07:13'), ('Quinn', 'Wu', '46-55', 14, 26, '2024-01-01 08:07:14'), ('Skyler', 'Liu', '56-65', 15, 27, '2024-01-01 08:07:15'),
('Reese', 'Chen', '18-25', 16, 33, '2024-01-01 08:07:16'), ('Rowan', 'Yang', '26-35', 17, 34, '2024-01-01 08:07:17'), ('Emerson', 'Huang', '36-45', 18, 35, '2024-01-01 08:07:18'), ('Finley', 'Zhao', '46-55', 19, 36, '2024-01-01 08:07:19'), ('Hayden', 'Wu', '56-65', 20, 37, '2024-01-01 08:07:20'),
('Peyton', 'Zhou', '18-25', 21, 43, '2024-01-01 08:07:21'), ('Dakota', 'Xu', '26-35', 22, 44, '2024-01-01 08:07:22'), ('Milan', 'Sun', '36-45', 23, 45, '2024-01-01 08:07:23'), ('Phoenix', 'Ma', '46-55', 24, 46, '2024-01-01 08:07:24'), ('Sage', 'Zhu', '56-65', 25, 47, '2024-01-01 08:07:25'),
('River', 'Hu', '18-25', 26, 3, '2024-01-01 08:07:26'), ('Dallas', 'Guo', '26-35', 27, 4, '2024-01-01 08:07:27'), ('Eden', 'He', '36-45', 28, 5, '2024-01-01 08:07:28'), ('Frankie', 'Lin', '46-55', 29, 6, '2024-01-01 08:07:29'), ('Jessie', 'Gao', '56-65', 30, 7, '2024-01-01 08:07:30'),
('Kendal', 'Tang', '18-25', 31, 13, '2024-01-01 08:07:31'), ('Logan', 'Shi', '26-35', 32, 14, '2024-01-01 08:07:32'), ('Micah', 'Cao', '36-45', 33, 15, '2024-01-01 08:07:33'), ('Nico', 'Dong', '46-55', 34, 16, '2024-01-01 08:07:34'), ('Oakley', 'Yuan', '56-65', 35, 17, '2024-01-01 08:07:35'),
('Parker', 'Song', '18-25', 36, 23, '2024-01-01 08:07:36'), ('Rory', 'Peng', '26-35', 37, 24, '2024-01-01 08:07:37'), ('Shiloh', 'Cai', '36-45', 38, 25, '2024-01-01 08:07:38'), ('Tatum', 'Zheng', '46-55', 39, 26, '2024-01-01 08:07:39'), ('Val', 'Ding', '56-65', 40, 27, '2024-01-01 08:07:40'),
('Winter', 'Shen', '18-25', 41, 33, '2024-01-01 08:07:41'), ('Wynne', 'Jiang', '26-35', 42, 34, '2024-01-01 08:07:42'), ('Zion', 'Wei', '36-45', 43, 35, '2024-01-01 08:07:43'), ('Bailey', 'Pan', '46-55', 44, 36, '2024-01-01 08:07:44'), ('Blake', 'Lu', '56-65', 45, 37, '2024-01-01 08:07:45'),
('Brett', 'Ye', '18-25', 46, 43, '2024-01-01 08:07:46'), ('Brook', 'Su', '26-35', 47, 44, '2024-01-01 08:07:47'), ('Carey', 'Cheng', '36-45', 48, 45, '2024-01-01 08:07:48'), ('Corey', 'Dai', '46-55', 49, 46, '2024-01-01 08:07:49'), ('Dana', 'Gu', '56-65', 50, 47, '2024-01-01 08:07:50');

INSERT INTO ChefSuppliers (EmployeeID, SupplierID, RecordDateTime) VALUES
(1, 1, '2024-01-01 08:08:01'), (2, 2, '2024-01-01 08:08:02'), (11, 3, '2024-01-01 08:08:03'), (12, 4, '2024-01-01 08:08:04'), (21, 5, '2024-01-01 08:08:05'),
(22, 6, '2024-01-01 08:08:06'), (31, 7, '2024-01-01 08:08:07'), (32, 8, '2024-01-01 08:08:08'), (41, 9, '2024-01-01 08:08:09'), (42, 10, '2024-01-01 08:08:10'),
(1, 2, '2024-01-01 08:08:11'), (2, 3, '2024-01-01 08:08:12'), (11, 4, '2024-01-01 08:08:13'), (12, 5, '2024-01-01 08:08:14'), (21, 6, '2024-01-01 08:08:15'),
(22, 7, '2024-01-01 08:08:16'), (31, 8, '2024-01-01 08:08:17'), (32, 9, '2024-01-01 08:08:18'), (41, 10, '2024-01-01 08:08:19'), (42, 1, '2024-01-01 08:08:20'),
(1, 3, '2024-01-01 08:08:21'), (2, 4, '2024-01-01 08:08:22'), (11, 5, '2024-01-01 08:08:23'), (12, 6, '2024-01-01 08:08:24'), (21, 7, '2024-01-01 08:08:25'),
(22, 8, '2024-01-01 08:08:26'), (31, 9, '2024-01-01 08:08:27'), (32, 10, '2024-01-01 08:08:28'), (41, 1, '2024-01-01 08:08:29'), (42, 2, '2024-01-01 08:08:30'),
(1, 4, '2024-01-01 08:08:31'), (2, 5, '2024-01-01 08:08:32'), (11, 6, '2024-01-01 08:08:33'), (12, 7, '2024-01-01 08:08:34'), (21, 8, '2024-01-01 08:08:35'),
(22, 9, '2024-01-01 08:08:36'), (31, 10, '2024-01-01 08:08:37'), (32, 1, '2024-01-01 08:08:38'), (41, 2, '2024-01-01 08:08:39'), (42, 3, '2024-01-01 08:08:40'),
(1, 5, '2024-01-01 08:08:41'), (2, 6, '2024-01-01 08:08:42'), (11, 7, '2024-01-01 08:08:43'), (12, 8, '2024-01-01 08:08:44'), (21, 9, '2024-01-01 08:08:45'),
(22, 10, '2024-01-01 08:08:46'), (31, 1, '2024-01-01 08:08:47'), (32, 2, '2024-01-01 08:08:48'), (41, 3, '2024-01-01 08:08:49'), (42, 4, '2024-01-01 08:08:50');

INSERT INTO MenuDishes (LocationID, DishID, MenuPrice, RecordDateTime) VALUES
(1, 1, 15.50, '2024-01-01 08:09:01'), (1, 2, 16.50, '2024-01-01 08:09:02'), (1, 3, 17.50, '2024-01-01 08:09:03'), (1, 4, 18.50, '2024-01-01 08:09:04'), (1, 5, 19.50, '2024-01-01 08:09:05'),
(2, 6, 15.50, '2024-01-01 08:09:06'), (2, 7, 16.50, '2024-01-01 08:09:07'), (2, 8, 17.50, '2024-01-01 08:09:08'), (2, 9, 18.50, '2024-01-01 08:09:09'), (2, 10, 19.50, '2024-01-01 08:09:10'),
(3, 11, 15.50, '2024-01-01 08:09:11'), (3, 12, 16.50, '2024-01-01 08:09:12'), (3, 13, 17.50, '2024-01-01 08:09:13'), (3, 14, 18.50, '2024-01-01 08:09:14'), (3, 15, 19.50, '2024-01-01 08:09:15'),
(4, 16, 15.50, '2024-01-01 08:09:16'), (4, 17, 16.50, '2024-01-01 08:09:17'), (4, 18, 17.50, '2024-01-01 08:09:18'), (4, 19, 18.50, '2024-01-01 08:09:19'), (4, 20, 19.50, '2024-01-01 08:09:20'),
(5, 21, 15.50, '2024-01-01 08:09:21'), (5, 22, 16.50, '2024-01-01 08:09:22'), (5, 23, 17.50, '2024-01-01 08:09:23'), (5, 24, 18.50, '2024-01-01 08:09:24'), (5, 25, 19.50, '2024-01-01 08:09:25'),
(1, 26, 15.50, '2024-01-01 08:09:26'), (1, 27, 16.50, '2024-01-01 08:09:27'), (1, 28, 17.50, '2024-01-01 08:09:28'), (1, 29, 18.50, '2024-01-01 08:09:29'), (1, 30, 19.50, '2024-01-01 08:09:30'),
(2, 31, 15.50, '2024-01-01 08:09:31'), (2, 32, 16.50, '2024-01-01 08:09:32'), (2, 33, 17.50, '2024-01-01 08:09:33'), (2, 34, 18.50, '2024-01-01 08:09:34'), (2, 35, 19.50, '2024-01-01 08:09:35'),
(3, 36, 15.50, '2024-01-01 08:09:36'), (3, 37, 16.50, '2024-01-01 08:09:37'), (3, 38, 17.50, '2024-01-01 08:09:38'), (3, 39, 18.50, '2024-01-01 08:09:39'), (3, 40, 19.50, '2024-01-01 08:09:40'),
(4, 41, 15.50, '2024-01-01 08:09:41'), (4, 42, 16.50, '2024-01-01 08:09:42'), (4, 43, 17.50, '2024-01-01 08:09:43'), (4, 44, 18.50, '2024-01-01 08:09:44'), (4, 45, 19.50, '2024-01-01 08:09:45'),
(5, 46, 15.50, '2024-01-01 08:09:46'), (5, 47, 16.50, '2024-01-01 08:09:47'), (5, 48, 17.50, '2024-01-01 08:09:48'), (5, 49, 18.50, '2024-01-01 08:09:49'), (5, 50, 19.50, '2024-01-01 08:09:50');

INSERT INTO CharityDonations (CharityID, LocationID, DonationDesc, RecordDateTime) VALUES
(1, 1, 'Monthly', '2024-01-01 08:10:01'), (2, 2, 'Monthly', '2024-01-01 08:10:02'), (3, 3, 'Monthly', '2024-01-01 08:10:03'), (4, 4, 'Monthly', '2024-01-01 08:10:04'), (5, 5, 'Monthly', '2024-01-01 08:10:05'),
(1, 2, 'Weekly', '2024-01-01 08:10:06'), (2, 3, 'Weekly', '2024-01-01 08:10:07'), (3, 4, 'Weekly', '2024-01-01 08:10:08'), (4, 5, 'Weekly', '2024-01-01 08:10:09'), (5, 1, 'Weekly', '2024-01-01 08:10:10'),
(1, 3, 'Monthly', '2024-01-01 08:10:11'), (2, 4, 'Monthly', '2024-01-01 08:10:12'), (3, 5, 'Monthly', '2024-01-01 08:10:13'), (4, 1, 'Monthly', '2024-01-01 08:10:14'), (5, 2, 'Monthly', '2024-01-01 08:10:15'),
(1, 4, 'Weekly', '2024-01-01 08:10:16'), (2, 5, 'Weekly', '2024-01-01 08:10:17'), (3, 1, 'Weekly', '2024-01-01 08:10:18'), (4, 2, 'Weekly', '2024-01-01 08:10:19'), (5, 3, 'Weekly', '2024-01-01 08:10:20'),
(1, 5, 'Monthly', '2024-01-01 08:10:21'), (2, 1, 'Monthly', '2024-01-01 08:10:22'), (3, 2, 'Monthly', '2024-01-01 08:10:23'), (4, 3, 'Monthly', '2024-01-01 08:10:24'), (5, 4, 'Monthly', '2024-01-01 08:10:25'),
(1, 1, 'Weekly', '2024-01-01 08:10:26'), (2, 2, 'Weekly', '2024-01-01 08:10:27'), (3, 3, 'Weekly', '2024-01-01 08:10:28'), (4, 4, 'Weekly', '2024-01-01 08:10:29'), (5, 5, 'Weekly', '2024-01-01 08:10:30'),
(1, 2, 'Monthly', '2024-01-01 08:10:31'), (2, 3, 'Monthly', '2024-01-01 08:10:32'), (3, 4, 'Monthly', '2024-01-01 08:10:33'), (4, 5, 'Monthly', '2024-01-01 08:10:34'), (5, 1, 'Monthly', '2024-01-01 08:10:35'),
(1, 3, 'Weekly', '2024-01-01 08:10:36'), (2, 4, 'Weekly', '2024-01-01 08:10:37'), (3, 5, 'Weekly', '2024-01-01 08:10:38'), (4, 1, 'Weekly', '2024-01-01 08:10:39'), (5, 2, 'Weekly', '2024-01-01 08:10:40'),
(1, 4, 'Monthly', '2024-01-01 08:10:41'), (2, 5, 'Monthly', '2024-01-01 08:10:42'), (3, 1, 'Monthly', '2024-01-01 08:10:43'), (4, 2, 'Monthly', '2024-01-01 08:10:44'), (5, 3, 'Monthly', '2024-01-01 08:10:45'),
(1, 5, 'Weekly', '2024-01-01 08:10:46'), (2, 1, 'Weekly', '2024-01-01 08:10:47'), (3, 2, 'Weekly', '2024-01-01 08:10:48'), (4, 3, 'Weekly', '2024-01-01 08:10:49'), (5, 4, 'Weekly', '2024-01-01 08:10:50');


INSERT INTO ServerTables (EmployeeID, TableID, RecordDateTime) VALUES
(3, 1, '2024-01-01 08:11:01'), (3, 2, '2024-01-01 08:11:02'), (4, 3, '2024-01-01 08:11:03'), (4, 4, '2024-01-01 08:11:04'), (5, 5, '2024-01-01 08:11:05'),
(5, 6, '2024-01-01 08:11:06'), (6, 7, '2024-01-01 08:11:07'), (6, 8, '2024-01-01 08:11:08'), (7, 9, '2024-01-01 08:11:09'), (7, 10, '2024-01-01 08:11:10'),
(13, 11, '2024-01-01 08:11:11'), (14, 12, '2024-01-01 08:11:12'), (15, 13, '2024-01-01 08:11:13'), (16, 14, '2024-01-01 08:11:14'), (17, 15, '2024-01-01 08:11:15'),
(23, 16, '2024-01-01 08:11:16'), (24, 17, '2024-01-01 08:11:17'), (25, 18, '2024-01-01 08:11:18'), (26, 19, '2024-01-01 08:11:19'), (27, 20, '2024-01-01 08:11:20'),
(33, 21, '2024-01-01 08:11:21'), (34, 22, '2024-01-01 08:11:22'), (35, 23, '2024-01-01 08:11:23'), (36, 24, '2024-01-01 08:11:24'), (37, 25, '2024-01-01 08:11:25'),
(43, 26, '2024-01-01 08:11:26'), (44, 27, '2024-01-01 08:11:27'), (45, 28, '2024-01-01 08:11:28'), (46, 29, '2024-01-01 08:11:29'), (47, 30, '2024-01-01 08:11:30'),
(3, 31, '2024-01-01 08:11:31'), (4, 32, '2024-01-01 08:11:32'), (5, 33, '2024-01-01 08:11:33'), (6, 34, '2024-01-01 08:11:34'), (7, 35, '2024-01-01 08:11:35'),
(13, 36, '2024-01-01 08:11:36'), (14, 37, '2024-01-01 08:11:37'), (15, 38, '2024-01-01 08:11:38'), (16, 39, '2024-01-01 08:11:39'), (17, 40, '2024-01-01 08:11:40'),
(23, 41, '2024-01-01 08:11:41'), (24, 42, '2024-01-01 08:11:42'), (25, 43, '2024-01-01 08:11:43'), (26, 44, '2024-01-01 08:11:44'), (27, 45, '2024-01-01 08:11:45'),
(33, 46, '2024-01-01 08:11:46'), (34, 47, '2024-01-01 08:11:47'), (35, 48, '2024-01-01 08:11:48'), (36, 49, '2024-01-01 08:11:49'), (37, 50, '2024-01-01 08:11:50');

INSERT INTO Reservations (CustomerID, LocationID, ReservationDate, IsRecurring, PreferredTableID, ActualTableID, RecordDateTime) VALUES
(1, 1, '2024-05-01', 0, 1, 2, '2024-01-01 08:12:01'), (2, 1, '2024-05-02', 0, 3, 4, '2024-01-01 08:12:02'), (3, 1, '2024-05-03', 0, 5, 6, '2024-01-01 08:12:03'), (4, 1, '2024-05-04', 0, 7, 8, '2024-01-01 08:12:04'), (5, 1, '2024-05-05', 0, 9, 10, '2024-01-01 08:12:05'),
(6, 1, '2024-05-06', 0, 11, 11, '2024-01-01 08:12:06'), (7, 1, '2024-05-07', 0, 12, 12, '2024-01-01 08:12:07'), (8, 1, '2024-05-08', 0, 13, 13, '2024-01-01 08:12:08'), (9, 1, '2024-05-09', 0, 14, 14, '2024-01-01 08:12:09'), (10, 1, '2024-05-10', 0, 15, 15, '2024-01-01 08:12:10'),
(11, 2, '2024-05-11', 0, 16, 16, '2024-01-01 08:12:11'), (12, 2, '2024-05-12', 0, 17, 17, '2024-01-01 08:12:12'), (13, 2, '2024-05-13', 0, 18, 18, '2024-01-01 08:12:13'), (14, 2, '2024-05-14', 0, 19, 19, '2024-01-01 08:12:14'), (15, 2, '2024-05-15', 0, 20, 20, '2024-01-01 08:12:15'),
(16, 2, '2024-05-16', 0, 21, 21, '2024-01-01 08:12:16'), (17, 2, '2024-05-17', 0, 22, 22, '2024-01-01 08:12:17'), (18, 2, '2024-05-18', 0, 23, 23, '2024-01-01 08:12:18'), (19, 2, '2024-05-19', 0, 24, 24, '2024-01-01 08:12:19'), (20, 2, '2024-05-20', 0, 25, 25, '2024-01-01 08:12:20'),
(21, 3, '2024-05-21', 0, 26, 26, '2024-01-01 08:12:21'), (22, 3, '2024-05-22', 0, 27, 27, '2024-01-01 08:12:22'), (23, 3, '2024-05-23', 0, 28, 28, '2024-01-01 08:12:23'), (24, 3, '2024-05-24', 0, 29, 29, '2024-01-01 08:12:24'), (25, 3, '2024-05-25', 0, 30, 30, '2024-01-01 08:12:25'),
(26, 3, '2024-05-26', 0, 31, 31, '2024-01-01 08:12:26'), (27, 3, '2024-05-27', 0, 32, 32, '2024-01-01 08:12:27'), (28, 3, '2024-05-28', 0, 33, 33, '2024-01-01 08:12:28'), (29, 3, '2024-05-29', 0, 34, 34, '2024-01-01 08:12:29'), (30, 3, '2024-05-30', 0, 35, 35, '2024-01-01 08:12:30'),
(31, 4, '2024-06-01', 0, 36, 36, '2024-01-01 08:12:31'), (32, 4, '2024-06-02', 0, 37, 37, '2024-01-01 08:12:32'), (33, 4, '2024-06-03', 0, 38, 38, '2024-01-01 08:12:33'), (34, 4, '2024-06-04', 0, 39, 39, '2024-01-01 08:12:34'), (35, 4, '2024-06-05', 0, 40, 40, '2024-01-01 08:12:35'),
(36, 4, '2024-06-06', 0, 41, 41, '2024-01-01 08:12:36'), (37, 4, '2024-06-07', 0, 42, 42, '2024-01-01 08:12:37'), (38, 4, '2024-06-08', 0, 43, 43, '2024-01-01 08:12:38'), (39, 4, '2024-06-09', 0, 44, 44, '2024-01-01 08:12:39'), (40, 4, '2024-06-10', 0, 45, 45, '2024-01-01 08:12:40'),
(41, 5, '2024-06-11', 0, 46, 46, '2024-01-01 08:12:41'), (42, 5, '2024-06-12', 0, 47, 47, '2024-01-01 08:12:42'), (43, 5, '2024-06-13', 0, 48, 48, '2024-01-01 08:12:43'), (44, 5, '2024-06-14', 0, 49, 49, '2024-01-01 08:12:44'), (45, 5, '2024-06-15', 0, 50, 50, '2024-01-01 08:12:45'),
(46, 5, '2024-06-16', 0, 1, 1, '2024-01-01 08:12:46'), (47, 5, '2024-06-17', 0, 2, 2, '2024-01-01 08:12:47'), (48, 5, '2024-06-18', 0, 3, 3, '2024-01-01 08:12:48'), (49, 5, '2024-06-19', 0, 4, 4, '2024-01-01 08:12:49'), (50, 5, '2024-06-20', 0, 5, 5, '2024-01-01 08:12:50');

INSERT INTO Orders (LocationID, CustomerID, CollectingEmployeeID, ChefID, OrderTypeID, PaymentMethodID, OrderTotal, RecordDateTime) VALUES
(1, 1, 3, 1, 1, 1, 45.50, '2024-01-01 08:13:01'), (1, 2, 4, 2, 1, 2, 55.00, '2024-01-01 08:13:02'), (1, 3, 5, 11, 2, 3, 30.00, '2024-01-01 08:13:03'), (1, 4, 6, 12, 3, 4, 20.00, '2024-01-01 08:13:04'), (1, 5, 7, 21, 1, 1, 42.00, '2024-01-01 08:13:05'),
(2, 6, 13, 22, 1, 2, 45.50, '2024-01-01 08:13:06'), (2, 7, 14, 31, 1, 3, 55.00, '2024-01-01 08:13:07'), (2, 8, 15, 32, 2, 4, 30.00, '2024-01-01 08:13:08'), (2, 9, 16, 41, 3, 1, 20.00, '2024-01-01 08:13:09'), (2, 10, 17, 42, 1, 2, 42.00, '2024-01-01 08:13:10'),
(3, 11, 23, 1, 1, 3, 45.50, '2024-01-01 08:13:11'), (3, 12, 24, 2, 1, 4, 55.00, '2024-01-01 08:13:12'), (3, 13, 25, 11, 2, 1, 30.00, '2024-01-01 08:13:13'), (3, 14, 26, 12, 3, 2, 20.00, '2024-01-01 08:13:14'), (3, 15, 27, 21, 1, 3, 42.00, '2024-01-01 08:13:15'),
(4, 16, 33, 22, 1, 4, 45.50, '2024-01-01 08:13:16'), (4, 17, 34, 31, 1, 1, 55.00, '2024-01-01 08:13:17'), (4, 18, 35, 32, 2, 2, 30.00, '2024-01-01 08:13:18'), (4, 19, 36, 41, 3, 3, 20.00, '2024-01-01 08:13:19'), (4, 20, 37, 42, 1, 4, 42.00, '2024-01-01 08:13:20'),
(5, 21, 43, 1, 1, 1, 45.50, '2024-01-01 08:13:21'), (5, 22, 44, 2, 1, 2, 55.00, '2024-01-01 08:13:22'), (5, 23, 45, 11, 2, 3, 30.00, '2024-01-01 08:13:23'), (5, 24, 46, 12, 3, 4, 20.00, '2024-01-01 08:13:24'), (5, 25, 47, 21, 1, 1, 42.00, '2024-01-01 08:13:25'),
(1, 26, 3, 22, 1, 2, 45.50, '2024-01-01 08:13:26'), (1, 27, 4, 31, 1, 3, 55.00, '2024-01-01 08:13:27'), (1, 28, 5, 32, 2, 4, 30.00, '2024-01-01 08:13:28'), (1, 29, 6, 41, 3, 1, 20.00, '2024-01-01 08:13:29'), (1, 30, 7, 42, 1, 2, 42.00, '2024-01-01 08:13:30'),
(2, 31, 13, 1, 1, 3, 45.50, '2024-01-01 08:13:31'), (2, 32, 14, 2, 1, 4, 55.00, '2024-01-01 08:13:32'), (2, 33, 15, 11, 2, 1, 30.00, '2024-01-01 08:13:33'), (2, 34, 16, 12, 3, 2, 20.00, '2024-01-01 08:13:34'), (2, 35, 17, 21, 1, 3, 42.00, '2024-01-01 08:13:35'),
(3, 36, 23, 22, 1, 4, 45.50, '2024-01-01 08:13:36'), (3, 37, 24, 31, 1, 1, 55.00, '2024-01-01 08:13:37'), (3, 38, 25, 32, 2, 2, 30.00, '2024-01-01 08:13:38'), (3, 39, 26, 41, 3, 3, 20.00, '2024-01-01 08:13:39'), (3, 40, 27, 42, 1, 4, 42.00, '2024-01-01 08:13:40'),
(4, 41, 33, 1, 1, 1, 45.50, '2024-01-01 08:13:41'), (4, 42, 34, 2, 1, 2, 55.00, '2024-01-01 08:13:42'), (4, 43, 35, 11, 2, 3, 30.00, '2024-01-01 08:13:43'), (4, 44, 36, 12, 3, 4, 20.00, '2024-01-01 08:13:44'), (4, 45, 37, 21, 1, 1, 42.00, '2024-01-01 08:13:45'),
(5, 46, 43, 22, 1, 2, 45.50, '2024-01-01 08:13:46'), (5, 47, 44, 31, 1, 3, 55.00, '2024-01-01 08:13:47'), (5, 48, 45, 32, 2, 4, 30.00, '2024-01-01 08:13:48'), (5, 49, 46, 41, 3, 1, 20.00, '2024-01-01 08:13:49'), (5, 50, 47, 42, 1, 2, 42.00, '2024-01-01 08:13:50');

INSERT INTO OrderItems (OrderID, DishID, Quantity, PriceAtTimeOfOrder, RecordDateTime) VALUES
(1, 1, 2, 15.50, '2024-01-01 08:14:01'), (2, 2, 1, 16.50, '2024-01-01 08:14:02'), (3, 3, 1, 17.50, '2024-01-01 08:14:03'), (4, 4, 2, 18.50, '2024-01-01 08:14:04'), (5, 5, 1, 19.50, '2024-01-01 08:14:05'),
(6, 6, 2, 15.50, '2024-01-01 08:14:06'), (7, 7, 1, 16.50, '2024-01-01 08:14:07'), (8, 8, 1, 17.50, '2024-01-01 08:14:08'), (9, 9, 2, 18.50, '2024-01-01 08:14:09'), (10, 10, 1, 19.50, '2024-01-01 08:14:10'),
(11, 11, 2, 15.50, '2024-01-01 08:14:11'), (12, 12, 1, 16.50, '2024-01-01 08:14:12'), (13, 13, 1, 17.50, '2024-01-01 08:14:13'), (14, 14, 2, 18.50, '2024-01-01 08:14:14'), (15, 15, 1, 19.50, '2024-01-01 08:14:15'),
(16, 16, 2, 15.50, '2024-01-01 08:14:16'), (17, 17, 1, 16.50, '2024-01-01 08:14:17'), (18, 18, 1, 17.50, '2024-01-01 08:14:18'), (19, 19, 2, 18.50, '2024-01-01 08:14:19'), (20, 20, 1, 19.50, '2024-01-01 08:14:20'),
(21, 21, 2, 15.50, '2024-01-01 08:14:21'), (22, 22, 1, 16.50, '2024-01-01 08:14:22'), (23, 23, 1, 17.50, '2024-01-01 08:14:23'), (24, 24, 2, 18.50, '2024-01-01 08:14:24'), (25, 25, 1, 19.50, '2024-01-01 08:14:25'),
(26, 26, 2, 15.50, '2024-01-01 08:14:26'), (27, 27, 1, 16.50, '2024-01-01 08:14:27'), (28, 28, 1, 17.50, '2024-01-01 08:14:28'), (29, 29, 2, 18.50, '2024-01-01 08:14:29'), (30, 30, 1, 19.50, '2024-01-01 08:14:30'),
(31, 31, 2, 15.50, '2024-01-01 08:14:31'), (32, 32, 1, 16.50, '2024-01-01 08:14:32'), (33, 33, 1, 17.50, '2024-01-01 08:14:33'), (34, 34, 2, 18.50, '2024-01-01 08:14:34'), (35, 35, 1, 19.50, '2024-01-01 08:14:35'),
(36, 36, 2, 15.50, '2024-01-01 08:14:36'), (37, 37, 1, 16.50, '2024-01-01 08:14:37'), (38, 38, 1, 17.50, '2024-01-01 08:14:38'), (39, 39, 2, 18.50, '2024-01-01 08:14:39'), (40, 40, 1, 19.50, '2024-01-01 08:14:40'),
(41, 41, 2, 15.50, '2024-01-01 08:14:41'), (42, 42, 1, 16.50, '2024-01-01 08:14:42'), (43, 43, 1, 17.50, '2024-01-01 08:14:43'), (44, 44, 2, 18.50, '2024-01-01 08:14:44'), (45, 45, 1, 19.50, '2024-01-01 08:14:45'),
(46, 46, 2, 15.50, '2024-01-01 08:14:46'), (47, 47, 1, 16.50, '2024-01-01 08:14:47'), (48, 48, 1, 17.50, '2024-01-01 08:14:48'), (49, 49, 2, 18.50, '2024-01-01 08:14:49'), (50, 50, 1, 19.50, '2024-01-01 08:14:50');
GO


USE Restaurant;
GO

INSERT INTO Ingredients (IngredientName, RecordDateTime) VALUES
('Cinnamon', '2024-01-01 08:20:01'), ('Nutmeg', '2024-01-01 08:20:02'), ('Ginger', '2024-01-01 08:20:03'), ('Turmeric', '2024-01-01 08:20:04'), ('Coriander', '2024-01-01 08:20:05'),
('Cardamom', '2024-01-01 08:20:06'), ('Cloves', '2024-01-01 08:20:07'), ('Bay Leaves', '2024-01-01 08:20:08'), ('Mint', '2024-01-01 08:20:09'), ('Chives', '2024-01-01 08:20:10'),
('Dill', '2024-01-01 08:20:11'), ('Fennel', '2024-01-01 08:20:12'), ('Tarragon', '2024-01-01 08:20:13'), ('Sage', '2024-01-01 08:20:14'), ('Marjoram', '2024-01-01 08:20:15'),
('Pine Nuts', '2024-01-01 08:20:16'), ('Walnuts', '2024-01-01 08:20:17'), ('Almonds', '2024-01-01 08:20:18'), ('Pecans', '2024-01-01 08:20:19'), ('Peanuts', '2024-01-01 08:20:20'),
('Cashews', '2024-01-01 08:20:21'), ('Sesame Seeds', '2024-01-01 08:20:22'), ('Chia Seeds', '2024-01-01 08:20:23'), ('Flax Seeds', '2024-01-01 08:20:24'), ('Pumpkin Seeds', '2024-01-01 08:20:25'),
('Sunflower Seeds', '2024-01-01 08:20:26'), ('Quinoa', '2024-01-01 08:20:27'), ('Oats', '2024-01-01 08:20:28'), ('Barley', '2024-01-01 08:20:29'), ('Corn', '2024-01-01 08:20:30'),
('Peas', '2024-01-01 08:20:31'), ('Green Beans', '2024-01-01 08:20:32'), ('Asparagus', '2024-01-01 08:20:33'), ('Zucchini', '2024-01-01 08:20:34'), ('Eggplant', '2024-01-01 08:20:35'),
('Cabbage', '2024-01-01 08:20:36'), ('Cauliflower', '2024-01-01 08:20:37'), ('Brussels Sprouts', '2024-01-01 08:20:38'), ('Kale', '2024-01-01 08:20:39'), ('Lettuce', '2024-01-01 08:20:40'),
('Cucumber', '2024-01-01 08:20:41'), ('Celery', '2024-01-01 08:20:42'), ('Radish', '2024-01-01 08:20:43'), ('Turnip', '2024-01-01 08:20:44'), ('Beets', '2024-01-01 08:20:45'),
('Sweet Potato', '2024-01-01 08:20:46'), ('Squash', '2024-01-01 08:20:47'), ('Pumpkin', '2024-01-01 08:20:48'), ('Artichoke', '2024-01-01 08:20:49'), ('Leek', '2024-01-01 08:20:50');

INSERT INTO Dishes (DishName, RecipeInstructions, RecordDateTime) VALUES
('Dish 51', 'Cook slowly.', '2024-01-01 08:21:01'), ('Dish 52', 'Bake at 350.', '2024-01-01 08:21:02'), ('Dish 53', 'Fry in pan.', '2024-01-01 08:21:03'), ('Dish 54', 'Boil water.', '2024-01-01 08:21:04'), ('Dish 55', 'Grill on high.', '2024-01-01 08:21:05'),
('Dish 56', 'Cook slowly.', '2024-01-01 08:21:06'), ('Dish 57', 'Bake at 350.', '2024-01-01 08:21:07'), ('Dish 58', 'Fry in pan.', '2024-01-01 08:21:08'), ('Dish 59', 'Boil water.', '2024-01-01 08:21:09'), ('Dish 60', 'Grill on high.', '2024-01-01 08:21:10'),
('Dish 61', 'Cook slowly.', '2024-01-01 08:21:11'), ('Dish 62', 'Bake at 350.', '2024-01-01 08:21:12'), ('Dish 63', 'Fry in pan.', '2024-01-01 08:21:13'), ('Dish 64', 'Boil water.', '2024-01-01 08:21:14'), ('Dish 65', 'Grill on high.', '2024-01-01 08:21:15'),
('Dish 66', 'Cook slowly.', '2024-01-01 08:21:16'), ('Dish 67', 'Bake at 350.', '2024-01-01 08:21:17'), ('Dish 68', 'Fry in pan.', '2024-01-01 08:21:18'), ('Dish 69', 'Boil water.', '2024-01-01 08:21:19'), ('Dish 70', 'Grill on high.', '2024-01-01 08:21:20'),
('Dish 71', 'Cook slowly.', '2024-01-01 08:21:21'), ('Dish 72', 'Bake at 350.', '2024-01-01 08:21:22'), ('Dish 73', 'Fry in pan.', '2024-01-01 08:21:23'), ('Dish 74', 'Boil water.', '2024-01-01 08:21:24'), ('Dish 75', 'Grill on high.', '2024-01-01 08:21:25'),
('Dish 76', 'Cook slowly.', '2024-01-01 08:21:26'), ('Dish 77', 'Bake at 350.', '2024-01-01 08:21:27'), ('Dish 78', 'Fry in pan.', '2024-01-01 08:21:28'), ('Dish 79', 'Boil water.', '2024-01-01 08:21:29'), ('Dish 80', 'Grill on high.', '2024-01-01 08:21:30'),
('Dish 81', 'Cook slowly.', '2024-01-01 08:21:31'), ('Dish 82', 'Bake at 350.', '2024-01-01 08:21:32'), ('Dish 83', 'Fry in pan.', '2024-01-01 08:21:33'), ('Dish 84', 'Boil water.', '2024-01-01 08:21:34'), ('Dish 85', 'Grill on high.', '2024-01-01 08:21:35'),
('Dish 86', 'Cook slowly.', '2024-01-01 08:21:36'), ('Dish 87', 'Bake at 350.', '2024-01-01 08:21:37'), ('Dish 88', 'Fry in pan.', '2024-01-01 08:21:38'), ('Dish 89', 'Boil water.', '2024-01-01 08:21:39'), ('Dish 90', 'Grill on high.', '2024-01-01 08:21:40'),
('Dish 91', 'Cook slowly.', '2024-01-01 08:21:41'), ('Dish 92', 'Bake at 350.', '2024-01-01 08:21:42'), ('Dish 93', 'Fry in pan.', '2024-01-01 08:21:43'), ('Dish 94', 'Boil water.', '2024-01-01 08:21:44'), ('Dish 95', 'Grill on high.', '2024-01-01 08:21:45'),
('Dish 96', 'Cook slowly.', '2024-01-01 08:21:46'), ('Dish 97', 'Bake at 350.', '2024-01-01 08:21:47'), ('Dish 98', 'Fry in pan.', '2024-01-01 08:21:48'), ('Dish 99', 'Boil water.', '2024-01-01 08:21:49'), ('Dish 100', 'Grill on high.', '2024-01-01 08:21:50');

INSERT INTO Employees (FirstName, LastName, RoleID, Salary, RecordDateTime) VALUES
('Liam', 'Baker', 1, 45000.00, '2024-01-01 08:22:01'), ('Noah', 'Gonzalez', 2, 40000.00, '2024-01-01 08:22:02'), ('Oliver', 'Nelson', 3, 25000.00, '2024-01-01 08:22:03'), ('William', 'Carter', 3, 25000.00, '2024-01-01 08:22:04'), ('Elijah', 'Mitchell', 3, 25000.00, '2024-01-01 08:22:05'),
('James', 'Perez', 3, 25000.00, '2024-01-01 08:22:06'), ('Benjamin', 'Roberts', 3, 25000.00, '2024-01-01 08:22:07'), ('Lucas', 'Turner', 4, 22000.00, '2024-01-01 08:22:08'), ('Henry', 'Phillips', 5, 80000.00, '2024-01-01 08:22:09'), ('Alexander', 'Campbell', 6, 20000.00, '2024-01-01 08:22:10'),
('Mason', 'Parker', 1, 45000.00, '2024-01-01 08:22:11'), ('Michael', 'Evans', 2, 40000.00, '2024-01-01 08:22:12'), ('Ethan', 'Edwards', 3, 25000.00, '2024-01-01 08:22:13'), ('Daniel', 'Collins', 3, 25000.00, '2024-01-01 08:22:14'), ('Jacob', 'Stewart', 3, 25000.00, '2024-01-01 08:22:15'),
('Logan', 'Sanchez', 3, 25000.00, '2024-01-01 08:22:16'), ('Jackson', 'Morris', 3, 25000.00, '2024-01-01 08:22:17'), ('Levi', 'Rogers', 4, 22000.00, '2024-01-01 08:22:18'), ('Sebastian', 'Reed', 6, 20000.00, '2024-01-01 08:22:19'), ('Mateo', 'Cook', 6, 20000.00, '2024-01-01 08:22:20'),
('Jack', 'Morgan', 1, 45000.00, '2024-01-01 08:22:21'), ('Owen', 'Bell', 2, 40000.00, '2024-01-01 08:22:22'), ('Theodore', 'Murphy', 3, 25000.00, '2024-01-01 08:22:23'), ('Aiden', 'Bailey', 3, 25000.00, '2024-01-01 08:22:24'), ('Samuel', 'Rivera', 3, 25000.00, '2024-01-01 08:22:25'),
('Joseph', 'Cooper', 3, 25000.00, '2024-01-01 08:22:26'), ('John', 'Richardson', 3, 25000.00, '2024-01-01 08:22:27'), ('David', 'Cox', 4, 22000.00, '2024-01-01 08:22:28'), ('Wyatt', 'Howard', 6, 20000.00, '2024-01-01 08:22:29'), ('Matthew', 'Ward', 6, 20000.00, '2024-01-01 08:22:30'),
('Luke', 'Torres', 1, 45000.00, '2024-01-01 08:22:31'), ('Asher', 'Peterson', 2, 40000.00, '2024-01-01 08:22:32'), ('Carter', 'Gray', 3, 25000.00, '2024-01-01 08:22:33'), ('Julian', 'Ramirez', 3, 25000.00, '2024-01-01 08:22:34'), ('Grayson', 'James', 3, 25000.00, '2024-01-01 08:22:35'),
('Leo', 'Watson', 3, 25000.00, '2024-01-01 08:22:36'), ('Jayden', 'Brooks', 3, 25000.00, '2024-01-01 08:22:37'), ('Gabriel', 'Kelly', 4, 22000.00, '2024-01-01 08:22:38'), ('Isaac', 'Sanders', 6, 20000.00, '2024-01-01 08:22:39'), ('Lincoln', 'Price', 6, 20000.00, '2024-01-01 08:22:40'),
('Anthony', 'Bennett', 1, 45000.00, '2024-01-01 08:22:41'), ('Hudson', 'Wood', 2, 40000.00, '2024-01-01 08:22:42'), ('Dylan', 'Barnes', 3, 25000.00, '2024-01-01 08:22:43'), ('Ezra', 'Ross', 3, 25000.00, '2024-01-01 08:22:44'), ('Thomas', 'Henderson', 3, 25000.00, '2024-01-01 08:22:45'),
('Charles', 'Coleman', 3, 25000.00, '2024-01-01 08:22:46'), ('Christopher', 'Jenkins', 3, 25000.00, '2024-01-01 08:22:47'), ('Jaxon', 'Perry', 4, 22000.00, '2024-01-01 08:22:48'), ('Maverick', 'Powell', 6, 20000.00, '2024-01-01 08:22:49'), ('Josiah', 'Long', 6, 20000.00, '2024-01-01 08:22:50');

INSERT INTO RestaurantTables (LocationID, TableNumber, SeatingCapacity, RecordDateTime) VALUES
(1, 51, 2, '2024-01-01 08:23:01'), (1, 52, 4, '2024-01-01 08:23:02'), (1, 53, 4, '2024-01-01 08:23:03'), (1, 54, 6, '2024-01-01 08:23:04'), (1, 55, 2, '2024-01-01 08:23:05'), (1, 56, 4, '2024-01-01 08:23:06'), (1, 57, 8, '2024-01-01 08:23:07'), (1, 58, 2, '2024-01-01 08:23:08'), (1, 59, 4, '2024-01-01 08:23:09'), (1, 60, 4, '2024-01-01 08:23:10'),
(2, 61, 2, '2024-01-01 08:23:11'), (2, 62, 4, '2024-01-01 08:23:12'), (2, 63, 4, '2024-01-01 08:23:13'), (2, 64, 6, '2024-01-01 08:23:14'), (2, 65, 2, '2024-01-01 08:23:15'), (2, 66, 4, '2024-01-01 08:23:16'), (2, 67, 8, '2024-01-01 08:23:17'), (2, 68, 2, '2024-01-01 08:23:18'), (2, 69, 4, '2024-01-01 08:23:19'), (2, 70, 4, '2024-01-01 08:23:20'),
(3, 71, 2, '2024-01-01 08:23:21'), (3, 72, 4, '2024-01-01 08:23:22'), (3, 73, 4, '2024-01-01 08:23:23'), (3, 74, 6, '2024-01-01 08:23:24'), (3, 75, 2, '2024-01-01 08:23:25'), (3, 76, 4, '2024-01-01 08:23:26'), (3, 77, 8, '2024-01-01 08:23:27'), (3, 78, 2, '2024-01-01 08:23:28'), (3, 79, 4, '2024-01-01 08:23:29'), (3, 80, 4, '2024-01-01 08:23:30'),
(4, 81, 2, '2024-01-01 08:23:31'), (4, 82, 4, '2024-01-01 08:23:32'), (4, 83, 4, '2024-01-01 08:23:33'), (4, 84, 6, '2024-01-01 08:23:34'), (4, 85, 2, '2024-01-01 08:23:35'), (4, 86, 4, '2024-01-01 08:23:36'), (4, 87, 8, '2024-01-01 08:23:37'), (4, 88, 2, '2024-01-01 08:23:38'), (4, 89, 4, '2024-01-01 08:23:39'), (4, 90, 4, '2024-01-01 08:23:40'),
(5, 91, 2, '2024-01-01 08:23:41'), (5, 92, 4, '2024-01-01 08:23:42'), (5, 93, 4, '2024-01-01 08:23:43'), (5, 94, 6, '2024-01-01 08:23:44'), (5, 95, 2, '2024-01-01 08:23:45'), (5, 96, 4, '2024-01-01 08:23:46'), (5, 97, 8, '2024-01-01 08:23:47'), (5, 98, 2, '2024-01-01 08:23:48'), (5, 99, 4, '2024-01-01 08:23:49'), (5, 100, 4, '2024-01-01 08:23:50');

INSERT INTO DishIngredients (DishID, IngredientID, QuantityUsed, UnitOfMeasure, RecordDateTime) VALUES
(51, 51, 5.0, 'Grams', '2024-01-01 08:24:01'), (52, 52, 10.0, 'Grams', '2024-01-01 08:24:02'), (53, 53, 2.0, 'Pieces', '2024-01-01 08:24:03'), (54, 54, 1.0, 'Pieces', '2024-01-01 08:24:04'), (55, 55, 15.0, 'ml', '2024-01-01 08:24:05'),
(56, 56, 20.0, 'Grams', '2024-01-01 08:24:06'), (57, 57, 50.0, 'Grams', '2024-01-01 08:24:07'), (58, 58, 10.0, 'Grams', '2024-01-01 08:24:08'), (59, 59, 2.0, 'Pieces', '2024-01-01 08:24:09'), (60, 60, 100.0, 'ml', '2024-01-01 08:24:10'),
(61, 61, 1.0, 'Pieces', '2024-01-01 08:24:11'), (62, 62, 1.0, 'Pieces', '2024-01-01 08:24:12'), (63, 63, 2.0, 'Pieces', '2024-01-01 08:24:13'), (64, 64, 1.0, 'Pieces', '2024-01-01 08:24:14'), (65, 65, 1.0, 'Pieces', '2024-01-01 08:24:15'),
(66, 66, 3.0, 'Pieces', '2024-01-01 08:24:16'), (67, 67, 2.0, 'Pieces', '2024-01-01 08:24:17'), (68, 68, 1.0, 'Head', '2024-01-01 08:24:18'), (69, 69, 50.0, 'Grams', '2024-01-01 08:24:19'), (70, 70, 2.0, 'Pieces', '2024-01-01 08:24:20'),
(71, 71, 100.0, 'Grams', '2024-01-01 08:24:21'), (72, 72, 100.0, 'Grams', '2024-01-01 08:24:22'), (73, 73, 2.0, 'Slices', '2024-01-01 08:24:23'), (74, 74, 50.0, 'Grams', '2024-01-01 08:24:24'), (75, 75, 3.0, 'Slices', '2024-01-01 08:24:25'),
(76, 76, 5.0, 'Pieces', '2024-01-01 08:24:26'), (77, 77, 1.0, 'Pieces', '2024-01-01 08:24:27'), (78, 78, 1.0, 'Pieces', '2024-01-01 08:24:28'), (79, 79, 1.0, 'Pieces', '2024-01-01 08:24:29'), (80, 80, 10.0, 'Grams', '2024-01-01 08:24:30'),
(81, 81, 5.0, 'Grams', '2024-01-01 08:24:31'), (82, 82, 5.0, 'Grams', '2024-01-01 08:24:32'), (83, 83, 5.0, 'Grams', '2024-01-01 08:24:33'), (84, 84, 5.0, 'Grams', '2024-01-01 08:24:34'), (85, 85, 5.0, 'Grams', '2024-01-01 08:24:35'),
(86, 86, 5.0, 'Grams', '2024-01-01 08:24:36'), (87, 87, 5.0, 'Grams', '2024-01-01 08:24:37'), (88, 88, 5.0, 'Grams', '2024-01-01 08:24:38'), (89, 89, 15.0, 'ml', '2024-01-01 08:24:39'), (90, 90, 15.0, 'ml', '2024-01-01 08:24:40'),
(91, 91, 15.0, 'ml', '2024-01-01 08:24:41'), (92, 92, 10.0, 'Grams', '2024-01-01 08:24:42'), (93, 93, 10.0, 'Grams', '2024-01-01 08:24:43'), (94, 94, 10.0, 'Grams', '2024-01-01 08:24:44'), (95, 95, 1.0, 'Pieces', '2024-01-01 08:24:45'),
(96, 96, 1.0, 'Pieces', '2024-01-01 08:24:46'), (97, 97, 5.0, 'Pieces', '2024-01-01 08:24:47'), (98, 98, 20.0, 'Pieces', '2024-01-01 08:24:48'), (99, 99, 5.0, 'ml', '2024-01-01 08:24:49'), (100, 100, 50.0, 'Grams', '2024-01-01 08:24:50');

INSERT INTO EmployeeLocations (EmployeeID, LocationID, RecordDateTime) VALUES
(51, 1, '2024-01-01 08:25:01'), (52, 1, '2024-01-01 08:25:02'), (53, 1, '2024-01-01 08:25:03'), (54, 1, '2024-01-01 08:25:04'), (55, 1, '2024-01-01 08:25:05'),
(56, 1, '2024-01-01 08:25:06'), (57, 1, '2024-01-01 08:25:07'), (58, 1, '2024-01-01 08:25:08'), (59, 1, '2024-01-01 08:25:09'), (60, 1, '2024-01-01 08:25:10'),
(61, 2, '2024-01-01 08:25:11'), (62, 2, '2024-01-01 08:25:12'), (63, 2, '2024-01-01 08:25:13'), (64, 2, '2024-01-01 08:25:14'), (65, 2, '2024-01-01 08:25:15'),
(66, 2, '2024-01-01 08:25:16'), (67, 2, '2024-01-01 08:25:17'), (68, 2, '2024-01-01 08:25:18'), (69, 2, '2024-01-01 08:25:19'), (70, 2, '2024-01-01 08:25:20'),
(71, 3, '2024-01-01 08:25:21'), (72, 3, '2024-01-01 08:25:22'), (73, 3, '2024-01-01 08:25:23'), (74, 3, '2024-01-01 08:25:24'), (75, 3, '2024-01-01 08:25:25'),
(76, 3, '2024-01-01 08:25:26'), (77, 3, '2024-01-01 08:25:27'), (78, 3, '2024-01-01 08:25:28'), (79, 3, '2024-01-01 08:25:29'), (80, 3, '2024-01-01 08:25:30'),
(81, 4, '2024-01-01 08:25:31'), (82, 4, '2024-01-01 08:25:32'), (83, 4, '2024-01-01 08:25:33'), (84, 4, '2024-01-01 08:25:34'), (85, 4, '2024-01-01 08:25:35'),
(86, 4, '2024-01-01 08:25:36'), (87, 4, '2024-01-01 08:25:37'), (88, 4, '2024-01-01 08:25:38'), (89, 4, '2024-01-01 08:25:39'), (90, 4, '2024-01-01 08:25:40'),
(91, 5, '2024-01-01 08:25:41'), (92, 5, '2024-01-01 08:25:42'), (93, 5, '2024-01-01 08:25:43'), (94, 5, '2024-01-01 08:25:44'), (95, 5, '2024-01-01 08:25:45'),
(96, 5, '2024-01-01 08:25:46'), (97, 5, '2024-01-01 08:25:47'), (98, 5, '2024-01-01 08:25:48'), (99, 5, '2024-01-01 08:25:49'), (100, 5, '2024-01-01 08:25:50');

INSERT INTO Customers (FirstName, LastName, AgeRange, FavoriteDishID, FavoriteServerID, RecordDateTime) VALUES
('Ash', 'Ketchum', '18-25', 51, 53, '2024-01-01 08:26:01'), ('Misty', 'Waterflower', '26-35', 52, 54, '2024-01-01 08:26:02'), ('Brock', 'Harrison', '36-45', 53, 55, '2024-01-01 08:26:03'), ('Tracey', 'Sketchit', '46-55', 54, 56, '2024-01-01 08:26:04'), ('May', 'Maple', '56-65', 55, 57, '2024-01-01 08:26:05'),
('Dawn', 'Berlitz', '18-25', 56, 63, '2024-01-01 08:26:06'), ('Iris', 'Dragon', '26-35', 57, 64, '2024-01-01 08:26:07'), ('Cilan', 'Connoisseur', '36-45', 58, 65, '2024-01-01 08:26:08'), ('Clemont', 'Inventor', '46-55', 59, 66, '2024-01-01 08:26:09'), ('Serena', 'Performer', '56-65', 60, 67, '2024-01-01 08:26:10'),
('Bonnie', 'Lemon', '18-25', 61, 73, '2024-01-01 08:26:11'), ('Lillie', 'Aether', '26-35', 62, 74, '2024-01-01 08:26:12'), ('Kiawe', 'Fire', '36-45', 63, 75, '2024-01-01 08:26:13'), ('Mallow', 'Grass', '46-55', 64, 76, '2024-01-01 08:26:14'), ('Lana', 'Water', '56-65', 65, 77, '2024-01-01 08:26:15'),
('Sophocles', 'Electric', '18-25', 66, 83, '2024-01-01 08:26:16'), ('Goh', 'Catcher', '26-35', 67, 84, '2024-01-01 08:26:17'), ('Chloe', 'Cerise', '36-45', 68, 85, '2024-01-01 08:26:18'), ('Liko', 'Sprigatito', '46-55', 69, 86, '2024-01-01 08:26:19'), ('Roy', 'Fuecoco', '56-65', 70, 87, '2024-01-01 08:26:20'),
('Jessie', 'Team', '18-25', 71, 93, '2024-01-01 08:26:21'), ('James', 'Rocket', '26-35', 72, 94, '2024-01-01 08:26:22'), ('Gary', 'Oak', '36-45', 73, 95, '2024-01-01 08:26:23'), ('Paul', 'Shinji', '46-55', 74, 96, '2024-01-01 08:26:24'), ('Barry', 'Jun', '56-65', 75, 97, '2024-01-01 08:26:25'),
('Trip', 'Shooti', '18-25', 76, 53, '2024-01-01 08:26:26'), ('Alain', 'Mega', '26-35', 77, 54, '2024-01-01 08:26:27'), ('Sawyer', 'Shota', '36-45', 78, 55, '2024-01-01 08:26:28'), ('Gladion', 'Null', '46-55', 79, 56, '2024-01-01 08:26:29'), ('Hau', 'Malasada', '56-65', 80, 57, '2024-01-01 08:26:30'),
('Leon', 'Champion', '18-25', 81, 63, '2024-01-01 08:26:31'), ('Hop', 'Rival', '26-35', 82, 64, '2024-01-01 08:26:32'), ('Marnie', 'Spikemuth', '36-45', 83, 65, '2024-01-01 08:26:33'), ('Bede', 'Fairy', '46-55', 84, 66, '2024-01-01 08:26:34'), ('Nemona', 'Paldea', '56-65', 85, 67, '2024-01-01 08:26:35'),
('Arven', 'Herba', '18-25', 86, 73, '2024-01-01 08:26:36'), ('Penny', 'Star', '26-35', 87, 74, '2024-01-01 08:26:37'), ('Cynthia', 'Sinnoh', '36-45', 88, 75, '2024-01-01 08:26:38'), ('Steven', 'Stone', '46-55', 89, 76, '2024-01-01 08:26:39'), ('Lance', 'Dragon', '56-65', 90, 77, '2024-01-01 08:26:40'),
('Diantha', 'Kalos', '18-25', 91, 83, '2024-01-01 08:26:41'), ('Alder', 'Unova', '26-35', 92, 84, '2024-01-01 08:26:42'), ('Wallace', 'Hoenn', '36-45', 93, 85, '2024-01-01 08:26:43'), ('Red', 'Kanto', '46-55', 94, 86, '2024-01-01 08:26:44'), ('Blue', 'Oak', '56-65', 95, 87, '2024-01-01 08:26:45'),
('Gold', 'Johto', '18-25', 96, 93, '2024-01-01 08:26:46'), ('Silver', 'Rival', '26-35', 97, 94, '2024-01-01 08:26:47'), ('Crystal', 'Suicune', '36-45', 98, 95, '2024-01-01 08:26:48'), ('Ruby', 'Contest', '46-55', 99, 96, '2024-01-01 08:26:49'), ('Sapphire', 'Battle', '56-65', 100, 97, '2024-01-01 08:26:50');

INSERT INTO ChefSuppliers (EmployeeID, SupplierID, RecordDateTime) VALUES
(51, 1, '2024-01-01 08:27:01'), (52, 2, '2024-01-01 08:27:02'), (61, 3, '2024-01-01 08:27:03'), (62, 4, '2024-01-01 08:27:04'), (71, 5, '2024-01-01 08:27:05'),
(72, 6, '2024-01-01 08:27:06'), (81, 7, '2024-01-01 08:27:07'), (82, 8, '2024-01-01 08:27:08'), (91, 9, '2024-01-01 08:27:09'), (92, 10, '2024-01-01 08:27:10'),
(51, 2, '2024-01-01 08:27:11'), (52, 3, '2024-01-01 08:27:12'), (61, 4, '2024-01-01 08:27:13'), (62, 5, '2024-01-01 08:27:14'), (71, 6, '2024-01-01 08:27:15'),
(72, 7, '2024-01-01 08:27:16'), (81, 8, '2024-01-01 08:27:17'), (82, 9, '2024-01-01 08:27:18'), (91, 10, '2024-01-01 08:27:19'), (92, 1, '2024-01-01 08:27:20'),
(51, 3, '2024-01-01 08:27:21'), (52, 4, '2024-01-01 08:27:22'), (61, 5, '2024-01-01 08:27:23'), (62, 6, '2024-01-01 08:27:24'), (71, 7, '2024-01-01 08:27:25'),
(72, 8, '2024-01-01 08:27:26'), (81, 9, '2024-01-01 08:27:27'), (82, 10, '2024-01-01 08:27:28'), (91, 1, '2024-01-01 08:27:29'), (92, 2, '2024-01-01 08:27:30'),
(51, 4, '2024-01-01 08:27:31'), (52, 5, '2024-01-01 08:27:32'), (61, 6, '2024-01-01 08:27:33'), (62, 7, '2024-01-01 08:27:34'), (71, 8, '2024-01-01 08:27:35'),
(72, 9, '2024-01-01 08:27:36'), (81, 10, '2024-01-01 08:27:37'), (82, 1, '2024-01-01 08:27:38'), (91, 2, '2024-01-01 08:27:39'), (92, 3, '2024-01-01 08:27:40'),
(51, 5, '2024-01-01 08:27:41'), (52, 6, '2024-01-01 08:27:42'), (61, 7, '2024-01-01 08:27:43'), (62, 8, '2024-01-01 08:27:44'), (71, 9, '2024-01-01 08:27:45'),
(72, 10, '2024-01-01 08:27:46'), (81, 1, '2024-01-01 08:27:47'), (82, 2, '2024-01-01 08:27:48'), (91, 3, '2024-01-01 08:27:49'), (92, 4, '2024-01-01 08:27:50');

INSERT INTO MenuDishes (LocationID, DishID, MenuPrice, RecordDateTime) VALUES
(1, 51, 15.50, '2024-01-01 08:28:01'), (1, 52, 16.50, '2024-01-01 08:28:02'), (1, 53, 17.50, '2024-01-01 08:28:03'), (1, 54, 18.50, '2024-01-01 08:28:04'), (1, 55, 19.50, '2024-01-01 08:28:05'),
(2, 56, 15.50, '2024-01-01 08:28:06'), (2, 57, 16.50, '2024-01-01 08:28:07'), (2, 58, 17.50, '2024-01-01 08:28:08'), (2, 59, 18.50, '2024-01-01 08:28:09'), (2, 60, 19.50, '2024-01-01 08:28:10'),
(3, 61, 15.50, '2024-01-01 08:28:11'), (3, 62, 16.50, '2024-01-01 08:28:12'), (3, 63, 17.50, '2024-01-01 08:28:13'), (3, 64, 18.50, '2024-01-01 08:28:14'), (3, 65, 19.50, '2024-01-01 08:28:15'),
(4, 66, 15.50, '2024-01-01 08:28:16'), (4, 67, 16.50, '2024-01-01 08:28:17'), (4, 68, 17.50, '2024-01-01 08:28:18'), (4, 69, 18.50, '2024-01-01 08:28:19'), (4, 70, 19.50, '2024-01-01 08:28:20'),
(5, 71, 15.50, '2024-01-01 08:28:21'), (5, 72, 16.50, '2024-01-01 08:28:22'), (5, 73, 17.50, '2024-01-01 08:28:23'), (5, 74, 18.50, '2024-01-01 08:28:24'), (5, 75, 19.50, '2024-01-01 08:28:25'),
(1, 76, 15.50, '2024-01-01 08:28:26'), (1, 77, 16.50, '2024-01-01 08:28:27'), (1, 78, 17.50, '2024-01-01 08:28:28'), (1, 79, 18.50, '2024-01-01 08:28:29'), (1, 80, 19.50, '2024-01-01 08:28:30'),
(2, 81, 15.50, '2024-01-01 08:28:31'), (2, 82, 16.50, '2024-01-01 08:28:32'), (2, 83, 17.50, '2024-01-01 08:28:33'), (2, 84, 18.50, '2024-01-01 08:28:34'), (2, 85, 19.50, '2024-01-01 08:28:35'),
(3, 86, 15.50, '2024-01-01 08:28:36'), (3, 87, 16.50, '2024-01-01 08:28:37'), (3, 88, 17.50, '2024-01-01 08:28:38'), (3, 89, 18.50, '2024-01-01 08:28:39'), (3, 90, 19.50, '2024-01-01 08:28:40'),
(4, 91, 15.50, '2024-01-01 08:28:41'), (4, 92, 16.50, '2024-01-01 08:28:42'), (4, 93, 17.50, '2024-01-01 08:28:43'), (4, 94, 18.50, '2024-01-01 08:28:44'), (4, 95, 19.50, '2024-01-01 08:28:45'),
(5, 96, 15.50, '2024-01-01 08:28:46'), (5, 97, 16.50, '2024-01-01 08:28:47'), (5, 98, 17.50, '2024-01-01 08:28:48'), (5, 99, 18.50, '2024-01-01 08:28:49'), (5, 100, 19.50, '2024-01-01 08:28:50');

INSERT INTO CharityDonations (CharityID, LocationID, DonationDesc, RecordDateTime) VALUES
(1, 1, 'Monthly', '2024-01-01 08:29:01'), (2, 2, 'Monthly', '2024-01-01 08:29:02'), (3, 3, 'Monthly', '2024-01-01 08:29:03'), (4, 4, 'Monthly', '2024-01-01 08:29:04'), (5, 5, 'Monthly', '2024-01-01 08:29:05'),
(1, 2, 'Weekly', '2024-01-01 08:29:06'), (2, 3, 'Weekly', '2024-01-01 08:29:07'), (3, 4, 'Weekly', '2024-01-01 08:29:08'), (4, 5, 'Weekly', '2024-01-01 08:29:09'), (5, 1, 'Weekly', '2024-01-01 08:29:10'),
(1, 3, 'Monthly', '2024-01-01 08:29:11'), (2, 4, 'Monthly', '2024-01-01 08:29:12'), (3, 5, 'Monthly', '2024-01-01 08:29:13'), (4, 1, 'Monthly', '2024-01-01 08:29:14'), (5, 2, 'Monthly', '2024-01-01 08:29:15'),
(1, 4, 'Weekly', '2024-01-01 08:29:16'), (2, 5, 'Weekly', '2024-01-01 08:29:17'), (3, 1, 'Weekly', '2024-01-01 08:29:18'), (4, 2, 'Weekly', '2024-01-01 08:29:19'), (5, 3, 'Weekly', '2024-01-01 08:29:20'),
(1, 5, 'Monthly', '2024-01-01 08:29:21'), (2, 1, 'Monthly', '2024-01-01 08:29:22'), (3, 2, 'Monthly', '2024-01-01 08:29:23'), (4, 3, 'Monthly', '2024-01-01 08:29:24'), (5, 4, 'Monthly', '2024-01-01 08:29:25'),
(1, 1, 'Weekly', '2024-01-01 08:29:26'), (2, 2, 'Weekly', '2024-01-01 08:29:27'), (3, 3, 'Weekly', '2024-01-01 08:29:28'), (4, 4, 'Weekly', '2024-01-01 08:29:29'), (5, 5, 'Weekly', '2024-01-01 08:29:30'),
(1, 2, 'Monthly', '2024-01-01 08:29:31'), (2, 3, 'Monthly', '2024-01-01 08:29:32'), (3, 4, 'Monthly', '2024-01-01 08:29:33'), (4, 5, 'Monthly', '2024-01-01 08:29:34'), (5, 1, 'Monthly', '2024-01-01 08:29:35'),
(1, 3, 'Weekly', '2024-01-01 08:29:36'), (2, 4, 'Weekly', '2024-01-01 08:29:37'), (3, 5, 'Weekly', '2024-01-01 08:29:38'), (4, 1, 'Weekly', '2024-01-01 08:29:39'), (5, 2, 'Weekly', '2024-01-01 08:29:40'),
(1, 4, 'Monthly', '2024-01-01 08:29:41'), (2, 5, 'Monthly', '2024-01-01 08:29:42'), (3, 1, 'Monthly', '2024-01-01 08:29:43'), (4, 2, 'Monthly', '2024-01-01 08:29:44'), (5, 3, 'Monthly', '2024-01-01 08:29:45'),
(1, 5, 'Weekly', '2024-01-01 08:29:46'), (2, 1, 'Weekly', '2024-01-01 08:29:47'), (3, 2, 'Weekly', '2024-01-01 08:29:48'), (4, 3, 'Weekly', '2024-01-01 08:29:49'), (5, 4, 'Weekly', '2024-01-01 08:29:50');

INSERT INTO ServerTables (EmployeeID, TableID, RecordDateTime) VALUES
(53, 51, '2024-01-01 08:30:01'), (54, 52, '2024-01-01 08:30:02'), (55, 53, '2024-01-01 08:30:03'), (56, 54, '2024-01-01 08:30:04'), (57, 55, '2024-01-01 08:30:05'),
(63, 56, '2024-01-01 08:30:06'), (64, 57, '2024-01-01 08:30:07'), (65, 58, '2024-01-01 08:30:08'), (66, 59, '2024-01-01 08:30:09'), (67, 60, '2024-01-01 08:30:10'),
(73, 61, '2024-01-01 08:30:11'), (74, 62, '2024-01-01 08:30:12'), (75, 63, '2024-01-01 08:30:13'), (76, 64, '2024-01-01 08:30:14'), (77, 65, '2024-01-01 08:30:15'),
(83, 66, '2024-01-01 08:30:16'), (84, 67, '2024-01-01 08:30:17'), (85, 68, '2024-01-01 08:30:18'), (86, 69, '2024-01-01 08:30:19'), (87, 70, '2024-01-01 08:30:20'),
(93, 71, '2024-01-01 08:30:21'), (94, 72, '2024-01-01 08:30:22'), (95, 73, '2024-01-01 08:30:23'), (96, 74, '2024-01-01 08:30:24'), (97, 75, '2024-01-01 08:30:25'),
(53, 76, '2024-01-01 08:30:26'), (54, 77, '2024-01-01 08:30:27'), (55, 78, '2024-01-01 08:30:28'), (56, 79, '2024-01-01 08:30:29'), (57, 80, '2024-01-01 08:30:30'),
(63, 81, '2024-01-01 08:30:31'), (64, 82, '2024-01-01 08:30:32'), (65, 83, '2024-01-01 08:30:33'), (66, 84, '2024-01-01 08:30:34'), (67, 85, '2024-01-01 08:30:35'),
(73, 86, '2024-01-01 08:30:36'), (74, 87, '2024-01-01 08:30:37'), (75, 88, '2024-01-01 08:30:38'), (76, 89, '2024-01-01 08:30:39'), (77, 90, '2024-01-01 08:30:40'),
(83, 91, '2024-01-01 08:30:41'), (84, 92, '2024-01-01 08:30:42'), (85, 93, '2024-01-01 08:30:43'), (86, 94, '2024-01-01 08:30:44'), (87, 95, '2024-01-01 08:30:45'),
(93, 96, '2024-01-01 08:30:46'), (94, 97, '2024-01-01 08:30:47'), (95, 98, '2024-01-01 08:30:48'), (96, 99, '2024-01-01 08:30:49'), (97, 100, '2024-01-01 08:30:50');

INSERT INTO Reservations (CustomerID, LocationID, ReservationDate, IsRecurring, PreferredTableID, ActualTableID, RecordDateTime) VALUES
(51, 1, '2024-06-21', 0, 51, 51, '2024-01-01 08:31:01'), (52, 1, '2024-06-22', 0, 52, 52, '2024-01-01 08:31:02'), (53, 1, '2024-06-23', 0, 53, 53, '2024-01-01 08:31:03'), (54, 1, '2024-06-24', 0, 54, 54, '2024-01-01 08:31:04'), (55, 1, '2024-06-25', 0, 55, 55, '2024-01-01 08:31:05'),
(56, 1, '2024-06-26', 0, 56, 56, '2024-01-01 08:31:06'), (57, 1, '2024-06-27', 0, 57, 57, '2024-01-01 08:31:07'), (58, 1, '2024-06-28', 0, 58, 58, '2024-01-01 08:31:08'), (59, 1, '2024-06-29', 0, 59, 59, '2024-01-01 08:31:09'), (60, 1, '2024-06-30', 0, 60, 60, '2024-01-01 08:31:10'),
(61, 2, '2024-07-01', 0, 61, 61, '2024-01-01 08:31:11'), (62, 2, '2024-07-02', 0, 62, 62, '2024-01-01 08:31:12'), (63, 2, '2024-07-03', 0, 63, 63, '2024-01-01 08:31:13'), (64, 2, '2024-07-04', 0, 64, 64, '2024-01-01 08:31:14'), (65, 2, '2024-07-05', 0, 65, 65, '2024-01-01 08:31:15'),
(66, 2, '2024-07-06', 0, 66, 66, '2024-01-01 08:31:16'), (67, 2, '2024-07-07', 0, 67, 67, '2024-01-01 08:31:17'), (68, 2, '2024-07-08', 0, 68, 68, '2024-01-01 08:31:18'), (69, 2, '2024-07-09', 0, 69, 69, '2024-01-01 08:31:19'), (70, 2, '2024-07-10', 0, 70, 70, '2024-01-01 08:31:20'),
(71, 3, '2024-07-11', 0, 71, 71, '2024-01-01 08:31:21'), (72, 3, '2024-07-12', 0, 72, 72, '2024-01-01 08:31:22'), (73, 3, '2024-07-13', 0, 73, 73, '2024-01-01 08:31:23'), (74, 3, '2024-07-14', 0, 74, 74, '2024-01-01 08:31:24'), (75, 3, '2024-07-15', 0, 75, 75, '2024-01-01 08:31:25'),
(76, 3, '2024-07-16', 0, 76, 76, '2024-01-01 08:31:26'), (77, 3, '2024-07-17', 0, 77, 77, '2024-01-01 08:31:27'), (78, 3, '2024-07-18', 0, 78, 78, '2024-01-01 08:31:28'), (79, 3, '2024-07-19', 0, 79, 79, '2024-01-01 08:31:29'), (80, 3, '2024-07-20', 0, 80, 80, '2024-01-01 08:31:30'),
(81, 4, '2024-07-21', 0, 81, 81, '2024-01-01 08:31:31'), (82, 4, '2024-07-22', 0, 82, 82, '2024-01-01 08:31:32'), (83, 4, '2024-07-23', 0, 83, 83, '2024-01-01 08:31:33'), (84, 4, '2024-07-24', 0, 84, 84, '2024-01-01 08:31:34'), (85, 4, '2024-07-25', 0, 85, 85, '2024-01-01 08:31:35'),
(86, 4, '2024-07-26', 0, 86, 86, '2024-01-01 08:31:36'), (87, 4, '2024-07-27', 0, 87, 87, '2024-01-01 08:31:37'), (88, 4, '2024-07-28', 0, 88, 88, '2024-01-01 08:31:38'), (89, 4, '2024-07-29', 0, 89, 89, '2024-01-01 08:31:39'), (90, 4, '2024-07-30', 0, 90, 90, '2024-01-01 08:31:40'),
(91, 5, '2024-07-31', 0, 91, 91, '2024-01-01 08:31:41'), (92, 5, '2024-08-01', 0, 92, 92, '2024-01-01 08:31:42'), (93, 5, '2024-08-02', 0, 93, 93, '2024-01-01 08:31:43'), (94, 5, '2024-08-03', 0, 94, 94, '2024-01-01 08:31:44'), (95, 5, '2024-08-04', 0, 95, 95, '2024-01-01 08:31:45'),
(96, 5, '2024-08-05', 0, 96, 96, '2024-01-01 08:31:46'), (97, 5, '2024-08-06', 0, 97, 97, '2024-01-01 08:31:47'), (98, 5, '2024-08-07', 0, 98, 98, '2024-01-01 08:31:48'), (99, 5, '2024-08-08', 0, 99, 99, '2024-01-01 08:31:49'), (100, 5, '2024-08-09', 0, 100, 100, '2024-01-01 08:31:50');

INSERT INTO Orders (LocationID, CustomerID, CollectingEmployeeID, ChefID, OrderTypeID, PaymentMethodID, OrderTotal, RecordDateTime) VALUES
(1, 51, 53, 51, 1, 1, 45.50, '2024-01-01 08:32:01'), (1, 52, 54, 52, 1, 2, 55.00, '2024-01-01 08:32:02'), (1, 53, 55, 61, 2, 3, 30.00, '2024-01-01 08:32:03'), (1, 54, 56, 62, 3, 4, 20.00, '2024-01-01 08:32:04'), (1, 55, 57, 71, 1, 1, 42.00, '2024-01-01 08:32:05'),
(2, 56, 63, 72, 1, 2, 45.50, '2024-01-01 08:32:06'), (2, 57, 64, 81, 1, 3, 55.00, '2024-01-01 08:32:07'), (2, 58, 65, 82, 2, 4, 30.00, '2024-01-01 08:32:08'), (2, 59, 66, 91, 3, 1, 20.00, '2024-01-01 08:32:09'), (2, 60, 67, 92, 1, 2, 42.00, '2024-01-01 08:32:10'),
(3, 61, 73, 51, 1, 3, 45.50, '2024-01-01 08:32:11'), (3, 62, 74, 52, 1, 4, 55.00, '2024-01-01 08:32:12'), (3, 63, 75, 61, 2, 1, 30.00, '2024-01-01 08:32:13'), (3, 64, 76, 62, 3, 2, 20.00, '2024-01-01 08:32:14'), (3, 65, 77, 71, 1, 3, 42.00, '2024-01-01 08:32:15'),
(4, 66, 83, 72, 1, 4, 45.50, '2024-01-01 08:32:16'), (4, 67, 84, 81, 1, 1, 55.00, '2024-01-01 08:32:17'), (4, 68, 85, 82, 2, 2, 30.00, '2024-01-01 08:32:18'), (4, 69, 86, 91, 3, 3, 20.00, '2024-01-01 08:32:19'), (4, 70, 87, 92, 1, 4, 42.00, '2024-01-01 08:32:20'),
(5, 71, 93, 51, 1, 1, 45.50, '2024-01-01 08:32:21'), (5, 72, 94, 52, 1, 2, 55.00, '2024-01-01 08:32:22'), (5, 73, 95, 61, 2, 3, 30.00, '2024-01-01 08:32:23'), (5, 74, 96, 62, 3, 4, 20.00, '2024-01-01 08:32:24'), (5, 75, 97, 71, 1, 1, 42.00, '2024-01-01 08:32:25'),
(1, 76, 53, 72, 1, 2, 45.50, '2024-01-01 08:32:26'), (1, 77, 54, 81, 1, 3, 55.00, '2024-01-01 08:32:27'), (1, 78, 55, 82, 2, 4, 30.00, '2024-01-01 08:32:28'), (1, 79, 56, 91, 3, 1, 20.00, '2024-01-01 08:32:29'), (1, 80, 57, 92, 1, 2, 42.00, '2024-01-01 08:32:30'),
(2, 81, 63, 51, 1, 3, 45.50, '2024-01-01 08:32:31'), (2, 82, 64, 52, 1, 4, 55.00, '2024-01-01 08:32:32'), (2, 83, 65, 61, 2, 1, 30.00, '2024-01-01 08:32:33'), (2, 84, 66, 62, 3, 2, 20.00, '2024-01-01 08:32:34'), (2, 85, 67, 71, 1, 3, 42.00, '2024-01-01 08:32:35'),
(3, 86, 73, 72, 1, 4, 45.50, '2024-01-01 08:32:36'), (3, 87, 74, 81, 1, 1, 55.00, '2024-01-01 08:32:37'), (3, 88, 75, 82, 2, 2, 30.00, '2024-01-01 08:32:38'), (3, 89, 76, 91, 3, 3, 20.00, '2024-01-01 08:32:39'), (3, 90, 77, 92, 1, 4, 42.00, '2024-01-01 08:32:40'),
(4, 91, 83, 51, 1, 1, 45.50, '2024-01-01 08:32:41'), (4, 92, 84, 52, 1, 2, 55.00, '2024-01-01 08:32:42'), (4, 93, 85, 61, 2, 3, 30.00, '2024-01-01 08:32:43'), (4, 94, 86, 62, 3, 4, 20.00, '2024-01-01 08:32:44'), (4, 95, 87, 71, 1, 1, 42.00, '2024-01-01 08:32:45'),
(5, 96, 93, 72, 1, 2, 45.50, '2024-01-01 08:32:46'), (5, 97, 94, 81, 1, 3, 55.00, '2024-01-01 08:32:47'), (5, 98, 95, 82, 2, 4, 30.00, '2024-01-01 08:32:48'), (5, 99, 96, 91, 3, 1, 20.00, '2024-01-01 08:32:49'), (5, 100, 97, 92, 1, 2, 42.00, '2024-01-01 08:32:50');

INSERT INTO OrderItems (OrderID, DishID, Quantity, PriceAtTimeOfOrder, RecordDateTime) VALUES
(51, 51, 2, 15.50, '2024-01-01 08:33:01'), (52, 52, 1, 16.50, '2024-01-01 08:33:02'), (53, 53, 1, 17.50, '2024-01-01 08:33:03'), (54, 54, 2, 18.50, '2024-01-01 08:33:04'), (55, 55, 1, 19.50, '2024-01-01 08:33:05'),
(56, 56, 2, 15.50, '2024-01-01 08:33:06'), (57, 57, 1, 16.50, '2024-01-01 08:33:07'), (58, 58, 1, 17.50, '2024-01-01 08:33:08'), (59, 59, 2, 18.50, '2024-01-01 08:33:09'), (60, 60, 1, 19.50, '2024-01-01 08:33:10'),
(61, 61, 2, 15.50, '2024-01-01 08:33:11'), (62, 62, 1, 16.50, '2024-01-01 08:33:12'), (63, 63, 1, 17.50, '2024-01-01 08:33:13'), (64, 64, 2, 18.50, '2024-01-01 08:33:14'), (65, 65, 1, 19.50, '2024-01-01 08:33:15'),
(66, 66, 2, 15.50, '2024-01-01 08:33:16'), (67, 67, 1, 16.50, '2024-01-01 08:33:17'), (68, 68, 1, 17.50, '2024-01-01 08:33:18'), (69, 69, 2, 18.50, '2024-01-01 08:33:19'), (70, 70, 1, 19.50, '2024-01-01 08:33:20'),
(71, 71, 2, 15.50, '2024-01-01 08:33:21'), (72, 72, 1, 16.50, '2024-01-01 08:33:22'), (73, 73, 1, 17.50, '2024-01-01 08:33:23'), (74, 74, 2, 18.50, '2024-01-01 08:33:24'), (75, 75, 1, 19.50, '2024-01-01 08:33:25'),
(76, 76, 2, 15.50, '2024-01-01 08:33:26'), (77, 77, 1, 16.50, '2024-01-01 08:33:27'), (78, 78, 1, 17.50, '2024-01-01 08:33:28'), (79, 79, 2, 18.50, '2024-01-01 08:33:29'), (80, 80, 1, 19.50, '2024-01-01 08:33:30'),
(81, 81, 2, 15.50, '2024-01-01 08:33:31'), (82, 82, 1, 16.50, '2024-01-01 08:33:32'), (83, 83, 1, 17.50, '2024-01-01 08:33:33'), (84, 84, 2, 18.50, '2024-01-01 08:33:34'), (85, 85, 1, 19.50, '2024-01-01 08:33:35'),
(86, 86, 2, 15.50, '2024-01-01 08:33:36'), (87, 87, 1, 16.50, '2024-01-01 08:33:37'), (88, 88, 1, 17.50, '2024-01-01 08:33:38'), (89, 89, 2, 18.50, '2024-01-01 08:33:39'), (90, 90, 1, 19.50, '2024-01-01 08:33:40'),
(91, 91, 2, 15.50, '2024-01-01 08:33:41'), (92, 92, 1, 16.50, '2024-01-01 08:33:42'), (93, 93, 1, 17.50, '2024-01-01 08:33:43'), (94, 94, 2, 18.50, '2024-01-01 08:33:44'), (95, 95, 1, 19.50, '2024-01-01 08:33:45'),
(96, 96, 2, 15.50, '2024-01-01 08:33:46'), (97, 97, 1, 16.50, '2024-01-01 08:33:47'), (98, 98, 1, 17.50, '2024-01-01 08:33:48'), (99, 99, 2, 18.50, '2024-01-01 08:33:49'), (100, 100, 1, 19.50, '2024-01-01 08:33:50');
GO